#ifndef GENERATED_ASSETS_H
#define GENERATED_ASSETS_H

#include <Arduino.h>

// --- BODY_BACKSIDE_SITTING_FRAMES ---
const uint8_t BODY_BACKSIDE_SITTING_FRAMES_F0[] PROGMEM = {0x00, 0x28, 0x00, 0x00, 0x52, 0x00, 0x00, 0x04, 0x00, 0x00, 0x04, 0x00, 0x00, 0x02, 0x00, 0x00, 0x02, 0x00, 0x10, 0x01, 0x00, 0x10, 0x01, 0x00, 0x10, 0x00, 0x80, 0x10, 0x00, 0x80, 0x20, 0x00, 0x40, 0x20, 0x00, 0x20, 0x20, 0x00, 0x10, 0x40, 0x00, 0x08, 0x20, 0x00, 0x04, 0x40, 0x00, 0x04, 0x20, 0x00, 0x02};
const uint8_t *const BODY_BACKSIDE_SITTING_FRAMES[] PROGMEM = {BODY_BACKSIDE_SITTING_FRAMES_F0};
const uint8_t BODY_BACKSIDE_SITTING_FRAMES_COUNT = 1;

// --- BODY_BACKSIDE_SITTING_FILL_FRAMES ---
const uint8_t BODY_BACKSIDE_SITTING_FILL_FRAMES_F0[] PROGMEM = {0x00, 0x28, 0x00, 0x00, 0xFE, 0x00, 0x01, 0xFC, 0x00, 0x03, 0xFC, 0x00, 0x07, 0xFE, 0x00, 0x0F, 0xFE, 0x00, 0x1F, 0xFF, 0x00, 0x1F, 0xFF, 0x00, 0x1F, 0xFF, 0x80, 0x1F, 0xFF, 0x80, 0x3F, 0xFF, 0xC0, 0x3F, 0xFF, 0xE0, 0x3F, 0xFF, 0xF0, 0x7F, 0xFF, 0xF8, 0x3F, 0xFF, 0xFC, 0x7F, 0xFF, 0xFC, 0x3F, 0xFF, 0xFE, 0x3F, 0xFF, 0xFE, 0x3F, 0xFF, 0xFF, 0x1F, 0xFF, 0xFF, 0x1F, 0xFF, 0xFF, 0x7F, 0xFF, 0xFF, 0xFF, 0xFF, 0xFF, 0xFF, 0xFF, 0xFE, 0x7D, 0xFF, 0xFC};
const uint8_t *const BODY_BACKSIDE_SITTING_FILL_FRAMES[] PROGMEM = {BODY_BACKSIDE_SITTING_FILL_FRAMES_F0};
const uint8_t BODY_BACKSIDE_SITTING_FILL_FRAMES_COUNT = 1;

// --- BODY_BACK_SITTING_FRAMES ---
const uint8_t BODY_BACK_SITTING_FRAMES_F0[] PROGMEM = {0x04, 0x04, 0x00, 0x04, 0x04, 0x00, 0x08, 0x02, 0x00, 0x08, 0x02, 0x00, 0x08, 0x02, 0x00, 0x10, 0x01, 0x00, 0x10, 0x01, 0x00, 0x20, 0x00, 0x80, 0x20, 0x00, 0x80, 0x20, 0x00, 0x80, 0x20, 0x00, 0x80, 0x20, 0x00, 0x80, 0x20, 0x00, 0x80, 0x20, 0x00, 0x80, 0x40, 0x00, 0x40, 0x40, 0x00, 0x40, 0x40, 0x00, 0x40, 0x88, 0x02, 0x20, 0x77, 0xFD, 0xC0};
const uint8_t *const BODY_BACK_SITTING_FRAMES[] PROGMEM = {BODY_BACK_SITTING_FRAMES_F0};
const uint8_t BODY_BACK_SITTING_FRAMES_COUNT = 1;

// --- BODY_BACK_SITTING_FILL_FRAMES ---
const uint8_t BODY_BACK_SITTING_FILL_FRAMES_F0[] PROGMEM = {0x07, 0xFC, 0x00, 0x07, 0xFC, 0x00, 0x0F, 0xFE, 0x00, 0x0F, 0xFE, 0x00, 0x0F, 0xFE, 0x00, 0x1F, 0xFF, 0x00, 0x1F, 0xFF, 0x00, 0x3F, 0xFF, 0x80, 0x3F, 0xFF, 0x80, 0x3F, 0xFF, 0x80, 0x3F, 0xFF, 0x80, 0x3F, 0xFF, 0x80, 0x3F, 0xFF, 0x80, 0x3F, 0xFF, 0x80, 0x7F, 0xFF, 0xC0, 0x7F, 0xFF, 0xC0, 0x7F, 0xFF, 0xC0, 0xFF, 0xFF, 0xE0, 0x77, 0xFD, 0xC0};
const uint8_t *const BODY_BACK_SITTING_FILL_FRAMES[] PROGMEM = {BODY_BACK_SITTING_FILL_FRAMES_F0};
const uint8_t BODY_BACK_SITTING_FILL_FRAMES_COUNT = 1;

// --- BODY_FRONT_SITTING_FRAMES ---
const uint8_t BODY_FRONT_SITTING_FRAMES_F0[] PROGMEM = {0x04, 0x10, 0x00, 0x08, 0x08, 0x00, 0x10, 0x04, 0x00, 0x10, 0x04, 0x00, 0x20, 0x02, 0x00, 0x20, 0x02, 0x00, 0x40, 0x01, 0x00, 0x40, 0x01, 0x00, 0x40, 0x01, 0x00, 0x40, 0x00, 0x00, 0x80, 0x00, 0x00, 0x80, 0x00, 0x00, 0x80, 0x00, 0x00, 0x80, 0x00, 0x80, 0x80, 0x00, 0x80, 0x60, 0x03, 0x00, 0x10, 0x84, 0x00, 0x0F, 0x78, 0x00};
const uint8_t *const BODY_FRONT_SITTING_FRAMES[] PROGMEM = {BODY_FRONT_SITTING_FRAMES_F0};
const uint8_t BODY_FRONT_SITTING_FRAMES_COUNT = 1;

// --- BODY_FRONT_SITTING_FILL_FRAMES ---
const uint8_t BODY_FRONT_SITTING_FILL_FRAMES_F0[] PROGMEM = {0x07, 0xF0, 0x00, 0x0F, 0xF8, 0x00, 0x1F, 0xFC, 0x00, 0x1F, 0xFC, 0x00, 0x3F, 0xFE, 0x00, 0x3F, 0xFE, 0x00, 0x7F, 0xFF, 0x00, 0x7F, 0xFF, 0x00, 0x7F, 0xFF, 0x00, 0x7F, 0xFF, 0x00, 0xFF, 0xFF, 0x80, 0xFF, 0xFF, 0x80, 0xFF, 0xFF, 0x80, 0xFF, 0xFF, 0x80, 0xFF, 0xFF, 0x80, 0x7F, 0xFF, 0x00, 0x1F, 0xFC, 0x00, 0x0F, 0x78, 0x00};
const uint8_t *const BODY_FRONT_SITTING_FILL_FRAMES[] PROGMEM = {BODY_FRONT_SITTING_FILL_FRAMES_F0};
const uint8_t BODY_FRONT_SITTING_FILL_FRAMES_COUNT = 1;

// --- BODY_FRONT_SQUAT_FRAMES ---
const uint8_t BODY_FRONT_SQUAT_FRAMES_F0[] PROGMEM = {0x00, 0x00, 0x01, 0xF8, 0x00, 0x00, 0x00, 0x06, 0x07, 0xC0, 0x00, 0x00, 0x08, 0x00, 0x00, 0x00, 0x00, 0x10, 0x00, 0x00, 0x00, 0x00, 0x20, 0x00, 0x00, 0x00, 0x00, 0x40, 0x00, 0x00, 0x00, 0x00, 0x80, 0x00, 0x40, 0x00, 0x00, 0x00, 0x00, 0x40, 0x00, 0x00, 0x00, 0x00, 0x20, 0x00, 0x00, 0x00, 0x00, 0x10, 0x00, 0x00, 0x00, 0x00, 0x10, 0x00, 0x00, 0x00, 0x00, 0x08, 0x00, 0x00, 0x00, 0x00, 0x08, 0x04, 0x00, 0x00, 0x00, 0x08, 0x08, 0x00, 0x00, 0x00, 0x04, 0x10, 0x00, 0x00, 0x08, 0x04, 0x10, 0x00, 0x00, 0x94, 0x04, 0x20, 0x30, 0x07, 0x12, 0x04, 0x20, 0xC8, 0x1A, 0x11, 0x04, 0x41, 0x04};
const uint8_t *const BODY_FRONT_SQUAT_FRAMES[] PROGMEM = {BODY_FRONT_SQUAT_FRAMES_F0};
const uint8_t BODY_FRONT_SQUAT_FRAMES_COUNT = 1;

// --- BODY_FRONT_SQUAT_FILL_FRAMES ---
const uint8_t BODY_FRONT_SQUAT_FILL_FRAMES_F0[] PROGMEM = {0x00, 0x00, 0x01, 0xF8, 0x00, 0x00, 0x00, 0x07, 0xFF, 0xC0, 0x00, 0x00, 0x0F, 0xFF, 0xC0, 0x00, 0x00, 0x1F, 0xFF, 0xC0, 0x00, 0x00, 0x3F, 0xFF, 0xC0, 0x00, 0x00, 0x7F, 0xFF, 0xC0, 0x00, 0x00, 0xFF, 0xFF, 0xC0, 0x00, 0x01, 0xFF, 0xFF, 0xC0, 0x00, 0x07, 0xFF, 0xFF, 0xE0, 0x00, 0x0F, 0xFF, 0xFF, 0xF0, 0x00, 0x3F, 0xFF, 0xFF, 0xF0, 0x00, 0x7F, 0xFF, 0xFF, 0xF8, 0x01, 0xFF, 0xFF, 0xFF, 0xF8, 0x07, 0xFF, 0xFF, 0xFF, 0xF8, 0x0F, 0xFF, 0xFF, 0xFF, 0xFC, 0x1F, 0xFF, 0xFF, 0xFF, 0xFC, 0x1F, 0xFF, 0xFF, 0xF7, 0xFC, 0x3F, 0xFF, 0xFF, 0xF3, 0xFC, 0x3F, 0xCF, 0xFB, 0xF1, 0xFC, 0x7F, 0x07, 0xE3, 0xE0, 0xFC, 0xFE, 0x07, 0xE3, 0xE0, 0xFC, 0xFC, 0x0F, 0xC7, 0xE1, 0xF8, 0x78, 0x07, 0x83, 0xC0, 0xF0};
const uint8_t *const BODY_FRONT_SQUAT_FILL_FRAMES[] PROGMEM = {BODY_FRONT_SQUAT_FILL_FRAMES_F0};
const uint8_t BODY_FRONT_SQUAT_FILL_FRAMES_COUNT = 1;

// --- BODY_SIDE_BEGGING_FRAMES ---
const uint8_t BODY_SIDE_BEGGING_FRAMES_F0[] PROGMEM = {0x00, 0x00, 0x10, 0x00, 0x00, 0x80, 0x08, 0x00, 0x00, 0x80, 0x04, 0x00, 0x3C, 0x80, 0x02, 0x00, 0x43, 0x80, 0x01, 0x00, 0x80, 0x80, 0x00, 0x80, 0x98, 0x80, 0x00, 0x80, 0x64, 0x40, 0x00, 0x40, 0x02, 0x40, 0x00, 0x40, 0x01, 0x40, 0x00, 0x20, 0x00, 0xC0, 0x00, 0x00, 0x00, 0x40, 0x00, 0x00, 0x00, 0x40, 0x00, 0x00, 0x00, 0x80, 0x00, 0x00, 0x00, 0x80, 0x00, 0x00, 0x00, 0x88, 0x00, 0x20, 0x03, 0x08, 0x00, 0x40, 0x04, 0x18, 0x00, 0x40, 0x03, 0xE7, 0xFF, 0x80};
const uint8_t *const BODY_SIDE_BEGGING_FRAMES[] PROGMEM = {BODY_SIDE_BEGGING_FRAMES_F0};
const uint8_t BODY_SIDE_BEGGING_FRAMES_COUNT = 1;

// --- BODY_SIDE_BEGGING_FILL_FRAMES ---
const uint8_t BODY_SIDE_BEGGING_FILL_FRAMES_F0[] PROGMEM = {0x00, 0x03, 0xF0, 0x00, 0x00, 0xFF, 0xF8, 0x00, 0x00, 0xFF, 0xFC, 0x00, 0x3C, 0xFF, 0xFE, 0x00, 0x7F, 0xFF, 0xFF, 0x00, 0xFF, 0xFF, 0xFF, 0x80, 0xFF, 0xFF, 0xFF, 0x80, 0x67, 0xFF, 0xFF, 0xC0, 0x03, 0xFF, 0xFF, 0xC0, 0x01, 0xFF, 0xFF, 0xE0, 0x00, 0xFF, 0xFF, 0xE0, 0x00, 0x7F, 0xFF, 0xE0, 0x00, 0x7F, 0xFF, 0xE0, 0x00, 0xFF, 0xFF, 0xE0, 0x00, 0xFF, 0xFF, 0xE0, 0x00, 0xFF, 0xFF, 0xE0, 0x03, 0xFF, 0xFF, 0xC0, 0x07, 0xFF, 0xFF, 0xC0, 0x03, 0xE7, 0xFF, 0x80};
const uint8_t *const BODY_SIDE_BEGGING_FILL_FRAMES[] PROGMEM = {BODY_SIDE_BEGGING_FILL_FRAMES_F0};
const uint8_t BODY_SIDE_BEGGING_FILL_FRAMES_COUNT = 1;

// --- BODY_SIDE_FLOP_FRAMES ---
const uint8_t BODY_SIDE_FLOP_FRAMES_F0[] PROGMEM = {0x00, 0x00, 0x00, 0x00, 0x00, 0x1F, 0xC0, 0x00, 0x01, 0xE0, 0x30, 0x00, 0x1E, 0x00, 0x08, 0x00, 0x20, 0x00, 0x06, 0x00, 0x00, 0x00, 0x01, 0x00, 0x00, 0x00, 0x00, 0x80, 0x04, 0x00, 0x00, 0x80, 0x04, 0x00, 0x00, 0x80, 0x02, 0x20, 0x10, 0x80, 0x02, 0x20, 0x09, 0x00, 0x01, 0xC0, 0x06, 0x00, 0x00, 0x00, 0x00, 0x00, 0x30, 0x00, 0x00, 0x00, 0x48, 0x00, 0x01, 0x00, 0x84, 0x00, 0x01, 0x00, 0x84, 0x00, 0x81, 0x00, 0x7B, 0xFF, 0x7E, 0x00};
const uint8_t BODY_SIDE_FLOP_FRAMES_F1[] PROGMEM = {0x00, 0x1F, 0x80, 0x00, 0x00, 0x60, 0x60, 0x00, 0x03, 0x80, 0x10, 0x00, 0x1C, 0x00, 0x08, 0x00, 0x20, 0x00, 0x06, 0x00, 0x00, 0x00, 0x01, 0x00, 0x04, 0x00, 0x00, 0x80, 0x04, 0x00, 0x00, 0x80, 0x02, 0x20, 0x00, 0x80, 0x02, 0x20, 0x10, 0x80, 0x01, 0xC0, 0x09, 0x00, 0x00, 0x00, 0x06, 0x00, 0x00, 0x00, 0x00, 0x00, 0x30, 0x00, 0x00, 0x00, 0x48, 0x00, 0x01, 0x00, 0x84, 0x00, 0x01, 0x00, 0x84, 0x00, 0x81, 0x00, 0x7B, 0xFF, 0x7E, 0x00};
const uint8_t BODY_SIDE_FLOP_FRAMES_F2[] PROGMEM = {0x00, 0x00, 0x00, 0x00, 0x00, 0x1F, 0xC0, 0x00, 0x01, 0xE0, 0x30, 0x00, 0x1E, 0x00, 0x08, 0x00, 0x20, 0x00, 0x06, 0x00, 0x00, 0x00, 0x01, 0x00, 0x04, 0x00, 0x00, 0x80, 0x04, 0x00, 0x00, 0x80, 0x02, 0x20, 0x00, 0x80, 0x02, 0x20, 0x10, 0x80, 0x01, 0xC0, 0x09, 0x00, 0x00, 0x00, 0x06, 0x00, 0x00, 0x00, 0x00, 0x00, 0x30, 0x00, 0x00, 0x00, 0x48, 0x00, 0x01, 0x00, 0x84, 0x00, 0x01, 0x00, 0x84, 0x00, 0x81, 0x00, 0x7B, 0xFF, 0x7E, 0x00};
const uint8_t BODY_SIDE_FLOP_FRAMES_F3[] PROGMEM = {0x00, 0x00, 0x00, 0x00, 0x00, 0x00, 0x00, 0x00, 0x00, 0xFF, 0xF0, 0x00, 0x1F, 0x00, 0x08, 0x00, 0x20, 0x00, 0x06, 0x00, 0x00, 0x00, 0x01, 0x00, 0x00, 0x00, 0x00, 0x80, 0x04, 0x00, 0x00, 0x80, 0x04, 0x00, 0x00, 0x80, 0x02, 0x20, 0x10, 0x80, 0x02, 0x20, 0x09, 0x00, 0x01, 0xC0, 0x06, 0x00, 0x00, 0x00, 0x00, 0x00, 0x30, 0x00, 0x00, 0x00, 0x48, 0x00, 0x01, 0x00, 0x84, 0x00, 0x01, 0x00, 0x84, 0x00, 0x81, 0x00, 0x7B, 0xFF, 0x7E, 0x00};
const uint8_t *const BODY_SIDE_FLOP_FRAMES[] PROGMEM = {BODY_SIDE_FLOP_FRAMES_F0, BODY_SIDE_FLOP_FRAMES_F1, BODY_SIDE_FLOP_FRAMES_F2, BODY_SIDE_FLOP_FRAMES_F3};
const uint8_t BODY_SIDE_FLOP_FRAMES_COUNT = 4;

// --- BODY_SIDE_FLOP_FILL_FRAMES ---
const uint8_t BODY_SIDE_FLOP_FILL_FRAMES_F0[] PROGMEM = {0x00, 0x00, 0x00, 0x00, 0x00, 0x1F, 0xC0, 0x00, 0x01, 0xFF, 0xF0, 0x00, 0x1F, 0xFF, 0xF8, 0x00, 0x3F, 0xFF, 0xFE, 0x00, 0x3F, 0xFF, 0xFF, 0x00, 0x3F, 0xFF, 0xFF, 0x80, 0x3F, 0xFF, 0xFF, 0x80, 0x3F, 0xFF, 0xFF, 0x80, 0x3F, 0xFF, 0xFF, 0x80, 0x7F, 0xFF, 0xFF, 0x00, 0x7F, 0xFF, 0xFF, 0x00, 0x7F, 0xFF, 0xFF, 0x00, 0x7F, 0xFF, 0xFF, 0x00, 0x7F, 0xFF, 0xFF, 0x00, 0xFF, 0xFF, 0xFF, 0x00, 0xFF, 0xFF, 0xFF, 0x00, 0x7B, 0xFF, 0x7E, 0x00};
const uint8_t BODY_SIDE_FLOP_FILL_FRAMES_F1[] PROGMEM = {0x00, 0x1F, 0x80, 0x00, 0x00, 0x7F, 0xE0, 0x00, 0x03, 0xFF, 0xF0, 0x00, 0x1F, 0xFF, 0xF8, 0x00, 0x3F, 0xFF, 0xFE, 0x00, 0x3F, 0xFF, 0xFF, 0x00, 0x3F, 0xFF, 0xFF, 0x80, 0x3F, 0xFF, 0xFF, 0x80, 0x3F, 0xFF, 0xFF, 0x80, 0x3F, 0xFF, 0xFF, 0x80, 0x7F, 0xFF, 0xFF, 0x00, 0x7F, 0xFF, 0xFF, 0x00, 0x7F, 0xFF, 0xFF, 0x00, 0x7F, 0xFF, 0xFF, 0x00, 0x7F, 0xFF, 0xFF, 0x00, 0xFF, 0xFF, 0xFF, 0x00, 0xFF, 0xFF, 0xFF, 0x00, 0x7B, 0xFF, 0x7E, 0x00};
const uint8_t BODY_SIDE_FLOP_FILL_FRAMES_F2[] PROGMEM = {0x00, 0x00, 0x00, 0x00, 0x00, 0x1F, 0xC0, 0x00, 0x01, 0xFF, 0xF0, 0x00, 0x1F, 0xFF, 0xF8, 0x00, 0x3F, 0xFF, 0xFE, 0x00, 0x3F, 0xFF, 0xFF, 0x00, 0x3F, 0xFF, 0xFF, 0x80, 0x3F, 0xFF, 0xFF, 0x80, 0x3F, 0xFF, 0xFF, 0x80, 0x3F, 0xFF, 0xFF, 0x80, 0x7F, 0xFF, 0xFF, 0x00, 0x7F, 0xFF, 0xFF, 0x00, 0x7F, 0xFF, 0xFF, 0x00, 0x7F, 0xFF, 0xFF, 0x00, 0x7F, 0xFF, 0xFF, 0x00, 0xFF, 0xFF, 0xFF, 0x00, 0xFF, 0xFF, 0xFF, 0x00, 0x7B, 0xFF, 0x7E, 0x00};
const uint8_t BODY_SIDE_FLOP_FILL_FRAMES_F3[] PROGMEM = {0x00, 0x00, 0x00, 0x00, 0x00, 0x00, 0x00, 0x00, 0x00, 0xFF, 0xF0, 0x00, 0x1F, 0xFF, 0xF8, 0x00, 0x3F, 0xFF, 0xFE, 0x00, 0x3F, 0xFF, 0xFF, 0x00, 0x3F, 0xFF, 0xFF, 0x80, 0x3F, 0xFF, 0xFF, 0x80, 0x3F, 0xFF, 0xFF, 0x80, 0x3F, 0xFF, 0xFF, 0x80, 0x7F, 0xFF, 0xFF, 0x00, 0x7F, 0xFF, 0xFF, 0x00, 0x7F, 0xFF, 0xFF, 0x00, 0x7F, 0xFF, 0xFF, 0x00, 0x7F, 0xFF, 0xFF, 0x00, 0xFF, 0xFF, 0xFF, 0x00, 0xFF, 0xFF, 0xFF, 0x00, 0x7B, 0xFF, 0x7E, 0x00};
const uint8_t *const BODY_SIDE_FLOP_FILL_FRAMES[] PROGMEM = {BODY_SIDE_FLOP_FILL_FRAMES_F0, BODY_SIDE_FLOP_FILL_FRAMES_F1, BODY_SIDE_FLOP_FILL_FRAMES_F2, BODY_SIDE_FLOP_FILL_FRAMES_F3};
const uint8_t BODY_SIDE_FLOP_FILL_FRAMES_COUNT = 4;

// --- BODY_SIDE_KNEADING_FRAMES ---
const uint8_t BODY_SIDE_KNEADING_FRAMES_F0[] PROGMEM = {0x00, 0x00, 0x00, 0x01, 0xE0, 0x80, 0x00, 0x00, 0x00, 0x06, 0x00, 0x40, 0x00, 0x00, 0x00, 0x18, 0x00, 0x40, 0x00, 0x00, 0x00, 0x60, 0x00, 0x20, 0x00, 0x00, 0x01, 0x80, 0x00, 0x20, 0x00, 0x00, 0x06, 0x00, 0x00, 0x20, 0x00, 0x00, 0x08, 0x00, 0x00, 0x10, 0x00, 0x00, 0x00, 0x00, 0x00, 0x10, 0x00, 0x00, 0x00, 0x00, 0x00, 0x10, 0x00, 0x00, 0x00, 0x00, 0x00, 0x10, 0x00, 0x00, 0x00, 0x00, 0x00, 0x10, 0x00, 0x00, 0x00, 0x00, 0x00, 0x10, 0x00, 0x00, 0x00, 0x00, 0x00, 0x10, 0x00, 0x00, 0x00, 0x00, 0x00, 0x20, 0x00, 0x00, 0x00, 0x00, 0x00, 0x20, 0x00, 0x00, 0x00, 0x1C, 0x00, 0x20, 0x00, 0x00, 0x00, 0x6A, 0x00, 0x20, 0x77, 0xFE, 0x00, 0x85, 0x00, 0x40, 0x88, 0x00, 0x0F, 0x05, 0x00, 0x40, 0x88, 0x00, 0xF0, 0x0A, 0x00, 0x80, 0x77, 0xFF, 0x00, 0x05, 0xFF, 0x80};
const uint8_t BODY_SIDE_KNEADING_FRAMES_F1[] PROGMEM = {0x00, 0x00, 0x00, 0x01, 0xE0, 0x80, 0x00, 0x00, 0x00, 0x06, 0x00, 0x40, 0x00, 0x00, 0x00, 0x18, 0x00, 0x40, 0x00, 0x00, 0x00, 0x60, 0x00, 0x20, 0x00, 0x00, 0x01, 0x80, 0x00, 0x20, 0x00, 0x00, 0x06, 0x00, 0x00, 0x20, 0x00, 0x00, 0x08, 0x00, 0x00, 0x10, 0x00, 0x00, 0x00, 0x00, 0x00, 0x10, 0x00, 0x00, 0x00, 0x00, 0x00, 0x10, 0x00, 0x00, 0x00, 0x00, 0x00, 0x10, 0x00, 0x00, 0x00, 0x00, 0x00, 0x10, 0x00, 0x00, 0x00, 0x00, 0x00, 0x10, 0x00, 0x00, 0x00, 0x00, 0x00, 0x10, 0x00, 0x00, 0x00, 0x00, 0x00, 0x20, 0x00, 0x00, 0x00, 0x00, 0x00, 0x20, 0x00, 0x00, 0x00, 0x1C, 0x00, 0x20, 0x00, 0x00, 0x00, 0x6A, 0x00, 0x20, 0x37, 0xFE, 0x00, 0x85, 0x00, 0x40, 0x48, 0x00, 0x0F, 0x05, 0x00, 0x40, 0x88, 0x00, 0xF0, 0x0A, 0x00, 0x80, 0xF7, 0xFF, 0x00, 0x05, 0xFF, 0x80};
const uint8_t BODY_SIDE_KNEADING_FRAMES_F2[] PROGMEM = {0x00, 0x00, 0x00, 0x01, 0xE0, 0x80, 0x00, 0x00, 0x00, 0x06, 0x00, 0x40, 0x00, 0x00, 0x00, 0x18, 0x00, 0x40, 0x00, 0x00, 0x00, 0x60, 0x00, 0x20, 0x00, 0x00, 0x01, 0x80, 0x00, 0x20, 0x00, 0x00, 0x06, 0x00, 0x00, 0x20, 0x00, 0x00, 0x08, 0x00, 0x00, 0x10, 0x00, 0x00, 0x00, 0x00, 0x00, 0x10, 0x00, 0x00, 0x00, 0x00, 0x00, 0x10, 0x00, 0x00, 0x00, 0x00, 0x00, 0x10, 0x00, 0x00, 0x00, 0x00, 0x00, 0x10, 0x00, 0x00, 0x00, 0x00, 0x00, 0x10, 0x00, 0x00, 0x00, 0x00, 0x00, 0x10, 0x00, 0x00, 0x00, 0x00, 0x00, 0x20, 0x00, 0x00, 0x00, 0x00, 0x00, 0x20, 0x00, 0x00, 0x00, 0x1C, 0x00, 0x20, 0x00, 0x00, 0x00, 0x6A, 0x00, 0x20, 0x77, 0xFE, 0x00, 0x85, 0x00, 0x40, 0x88, 0x00, 0x0F, 0x05, 0x00, 0x40, 0x88, 0x00, 0xF0, 0x0A, 0x00, 0x80, 0x77, 0xFF, 0x00, 0x05, 0xFF, 0x80};
const uint8_t BODY_SIDE_KNEADING_FRAMES_F3[] PROGMEM = {0x00, 0x00, 0x00, 0x01, 0xE0, 0x80, 0x00, 0x00, 0x00, 0x06, 0x00, 0x40, 0x00, 0x00, 0x00, 0x18, 0x00, 0x40, 0x00, 0x00, 0x00, 0x60, 0x00, 0x20, 0x00, 0x00, 0x01, 0x80, 0x00, 0x20, 0x00, 0x00, 0x06, 0x00, 0x00, 0x20, 0x00, 0x00, 0x08, 0x00, 0x00, 0x10, 0x00, 0x00, 0x00, 0x00, 0x00, 0x10, 0x00, 0x00, 0x00, 0x00, 0x00, 0x10, 0x00, 0x00, 0x00, 0x00, 0x00, 0x10, 0x00, 0x00, 0x00, 0x00, 0x00, 0x10, 0x00, 0x00, 0x00, 0x00, 0x00, 0x10, 0x00, 0x00, 0x00, 0x00, 0x00, 0x10, 0x00, 0x00, 0x00, 0x00, 0x00, 0x20, 0x00, 0x00, 0x00, 0x00, 0x00, 0x20, 0x00, 0x00, 0x00, 0x1C, 0x00, 0x20, 0x00, 0x00, 0x00, 0x6A, 0x00, 0x20, 0x2F, 0xFE, 0x00, 0x85, 0x00, 0x40, 0x50, 0x00, 0x0F, 0x05, 0x00, 0x40, 0x50, 0x00, 0xF0, 0x0A, 0x00, 0x80, 0x2F, 0xFF, 0x00, 0x05, 0xFF, 0x80};
const uint8_t BODY_SIDE_KNEADING_FRAMES_F4[] PROGMEM = {0x00, 0x00, 0x00, 0x01, 0xE0, 0x80, 0x00, 0x00, 0x00, 0x06, 0x00, 0x40, 0x00, 0x00, 0x00, 0x18, 0x00, 0x40, 0x00, 0x00, 0x00, 0x60, 0x00, 0x20, 0x00, 0x00, 0x01, 0x80, 0x00, 0x20, 0x00, 0x00, 0x06, 0x00, 0x00, 0x20, 0x00, 0x00, 0x08, 0x00, 0x00, 0x10, 0x00, 0x00, 0x00, 0x00, 0x00, 0x10, 0x00, 0x00, 0x00, 0x00, 0x00, 0x10, 0x00, 0x00, 0x00, 0x00, 0x00, 0x10, 0x00, 0x00, 0x00, 0x00, 0x00, 0x10, 0x00, 0x00, 0x00, 0x00, 0x00, 0x10, 0x00, 0x00, 0x00, 0x00, 0x00, 0x10, 0x00, 0x00, 0x00, 0x00, 0x00, 0x20, 0x00, 0x00, 0x00, 0x00, 0x00, 0x20, 0x00, 0x00, 0x00, 0x1C, 0x00, 0x20, 0x00, 0x00, 0x00, 0x6A, 0x00, 0x20, 0x1F, 0xFE, 0x00, 0x85, 0x00, 0x40, 0x20, 0x00, 0x0F, 0x05, 0x00, 0x40, 0x20, 0x00, 0xF0, 0x0A, 0x00, 0x80, 0x1F, 0xFF, 0x00, 0x05, 0xFF, 0x80};
const uint8_t BODY_SIDE_KNEADING_FRAMES_F5[] PROGMEM = {0x00, 0x00, 0x00, 0x01, 0xE0, 0x80, 0x00, 0x00, 0x00, 0x06, 0x00, 0x40, 0x00, 0x00, 0x00, 0x18, 0x00, 0x40, 0x00, 0x00, 0x00, 0x60, 0x00, 0x20, 0x00, 0x00, 0x01, 0x80, 0x00, 0x20, 0x00, 0x00, 0x06, 0x00, 0x00, 0x20, 0x00, 0x00, 0x08, 0x00, 0x00, 0x10, 0x00, 0x00, 0x00, 0x00, 0x00, 0x10, 0x00, 0x00, 0x00, 0x00, 0x00, 0x10, 0x00, 0x00, 0x00, 0x00, 0x00, 0x10, 0x00, 0x00, 0x00, 0x00, 0x00, 0x10, 0x00, 0x00, 0x00, 0x00, 0x00, 0x10, 0x00, 0x00, 0x00, 0x00, 0x00, 0x10, 0x00, 0x00, 0x00, 0x00, 0x00, 0x20, 0x00, 0x00, 0x00, 0x00, 0x00, 0x20, 0x00, 0x00, 0x00, 0x1C, 0x00, 0x20, 0x00, 0x00, 0x00, 0x6A, 0x00, 0x20, 0x3F, 0xFE, 0x00, 0x85, 0x00, 0x40, 0x40, 0x00, 0x0F, 0x05, 0x00, 0x40, 0x40, 0x00, 0xF0, 0x0A, 0x00, 0x80, 0x3F, 0xFF, 0x00, 0x05, 0xFF, 0x80};
const uint8_t BODY_SIDE_KNEADING_FRAMES_F6[] PROGMEM = {0x00, 0x00, 0x00, 0x01, 0xE0, 0x80, 0x00, 0x00, 0x00, 0x06, 0x00, 0x40, 0x00, 0x00, 0x00, 0x18, 0x00, 0x40, 0x00, 0x00, 0x00, 0x60, 0x00, 0x20, 0x00, 0x00, 0x01, 0x80, 0x00, 0x20, 0x00, 0x00, 0x06, 0x00, 0x00, 0x20, 0x00, 0x00, 0x08, 0x00, 0x00, 0x10, 0x00, 0x00, 0x00, 0x00, 0x00, 0x10, 0x00, 0x00, 0x00, 0x00, 0x00, 0x10, 0x00, 0x00, 0x00, 0x00, 0x00, 0x10, 0x00, 0x00, 0x00, 0x00, 0x00, 0x10, 0x00, 0x00, 0x00, 0x00, 0x00, 0x10, 0x00, 0x00, 0x00, 0x00, 0x00, 0x10, 0x00, 0x00, 0x00, 0x00, 0x00, 0x20, 0x00, 0x00, 0x00, 0x00, 0x00, 0x20, 0x00, 0x00, 0x00, 0x1C, 0x00, 0x20, 0x00, 0x00, 0x00, 0x6A, 0x00, 0x20, 0x7F, 0xFE, 0x00, 0x85, 0x00, 0x40, 0x80, 0x00, 0x0F, 0x05, 0x00, 0x40, 0x80, 0x00, 0xF0, 0x0A, 0x00, 0x80, 0x7F, 0xFF, 0x00, 0x05, 0xFF, 0x80};
const uint8_t BODY_SIDE_KNEADING_FRAMES_F7[] PROGMEM = {0x00, 0x00, 0x00, 0x01, 0xE0, 0x80, 0x00, 0x00, 0x00, 0x06, 0x00, 0x40, 0x00, 0x00, 0x00, 0x18, 0x00, 0x40, 0x00, 0x00, 0x00, 0x60, 0x00, 0x20, 0x00, 0x00, 0x01, 0x80, 0x00, 0x20, 0x00, 0x00, 0x06, 0x00, 0x00, 0x20, 0x00, 0x00, 0x08, 0x00, 0x00, 0x10, 0x00, 0x00, 0x00, 0x00, 0x00, 0x10, 0x00, 0x00, 0x00, 0x00, 0x00, 0x10, 0x00, 0x00, 0x00, 0x00, 0x00, 0x10, 0x00, 0x00, 0x00, 0x00, 0x00, 0x10, 0x00, 0x00, 0x00, 0x00, 0x00, 0x10, 0x00, 0x00, 0x00, 0x00, 0x00, 0x10, 0x00, 0x00, 0x00, 0x00, 0x00, 0x20, 0x00, 0x00, 0x00, 0x00, 0x00, 0x20, 0x00, 0x00, 0x00, 0x1C, 0x00, 0x20, 0x00, 0x00, 0x00, 0x6A, 0x00, 0x20, 0x3F, 0xFE, 0x00, 0x85, 0x00, 0x40, 0x40, 0x00, 0x0F, 0x05, 0x00, 0x40, 0x80, 0x00, 0xF0, 0x0A, 0x00, 0x80, 0xFF, 0xFF, 0x00, 0x05, 0xFF, 0x80};
const uint8_t BODY_SIDE_KNEADING_FRAMES_F8[] PROGMEM = {0x00, 0x00, 0x00, 0x01, 0xE0, 0x80, 0x00, 0x00, 0x00, 0x06, 0x00, 0x40, 0x00, 0x00, 0x00, 0x18, 0x00, 0x40, 0x00, 0x00, 0x00, 0x60, 0x00, 0x20, 0x00, 0x00, 0x01, 0x80, 0x00, 0x20, 0x00, 0x00, 0x06, 0x00, 0x00, 0x20, 0x00, 0x00, 0x08, 0x00, 0x00, 0x10, 0x00, 0x00, 0x00, 0x00, 0x00, 0x10, 0x00, 0x00, 0x00, 0x00, 0x00, 0x10, 0x00, 0x00, 0x00, 0x00, 0x00, 0x10, 0x00, 0x00, 0x00, 0x00, 0x00, 0x10, 0x00, 0x00, 0x00, 0x00, 0x00, 0x10, 0x00, 0x00, 0x00, 0x00, 0x00, 0x10, 0x00, 0x00, 0x00, 0x00, 0x00, 0x20, 0x00, 0x00, 0x00, 0x00, 0x00, 0x20, 0x00, 0x00, 0x00, 0x1C, 0x00, 0x20, 0x00, 0x00, 0x00, 0x6A, 0x00, 0x20, 0x7F, 0xFE, 0x00, 0x85, 0x00, 0x40, 0x80, 0x00, 0x0F, 0x05, 0x00, 0x40, 0x80, 0x00, 0xF0, 0x0A, 0x00, 0x80, 0x7F, 0xFF, 0x00, 0x05, 0xFF, 0x80};
const uint8_t BODY_SIDE_KNEADING_FRAMES_F9[] PROGMEM = {0x00, 0x00, 0x00, 0x01, 0xE0, 0x80, 0x00, 0x00, 0x00, 0x06, 0x00, 0x40, 0x00, 0x00, 0x00, 0x18, 0x00, 0x40, 0x00, 0x00, 0x00, 0x60, 0x00, 0x20, 0x00, 0x00, 0x01, 0x80, 0x00, 0x20, 0x00, 0x00, 0x06, 0x00, 0x00, 0x20, 0x00, 0x00, 0x08, 0x00, 0x00, 0x10, 0x00, 0x00, 0x00, 0x00, 0x00, 0x10, 0x00, 0x00, 0x00, 0x00, 0x00, 0x10, 0x00, 0x00, 0x00, 0x00, 0x00, 0x10, 0x00, 0x00, 0x00, 0x00, 0x00, 0x10, 0x00, 0x00, 0x00, 0x00, 0x00, 0x10, 0x00, 0x00, 0x00, 0x00, 0x00, 0x10, 0x00, 0x00, 0x00, 0x00, 0x00, 0x20, 0x00, 0x00, 0x00, 0x00, 0x00, 0x20, 0x00, 0x00, 0x00, 0x1C, 0x00, 0x20, 0x00, 0x00, 0x00, 0x6A, 0x00, 0x20, 0x3F, 0xFE, 0x00, 0x85, 0x00, 0x40, 0x40, 0x00, 0x0F, 0x05, 0x00, 0x40, 0x40, 0x00, 0xF0, 0x0A, 0x00, 0x80, 0x3F, 0xFF, 0x00, 0x05, 0xFF, 0x80};
const uint8_t BODY_SIDE_KNEADING_FRAMES_F10[] PROGMEM = {0x00, 0x00, 0x00, 0x01, 0xE0, 0x80, 0x00, 0x00, 0x00, 0x06, 0x00, 0x40, 0x00, 0x00, 0x00, 0x18, 0x00, 0x40, 0x00, 0x00, 0x00, 0x60, 0x00, 0x20, 0x00, 0x00, 0x01, 0x80, 0x00, 0x20, 0x00, 0x00, 0x06, 0x00, 0x00, 0x20, 0x00, 0x00, 0x08, 0x00, 0x00, 0x10, 0x00, 0x00, 0x00, 0x00, 0x00, 0x10, 0x00, 0x00, 0x00, 0x00, 0x00, 0x10, 0x00, 0x00, 0x00, 0x00, 0x00, 0x10, 0x00, 0x00, 0x00, 0x00, 0x00, 0x10, 0x00, 0x00, 0x00, 0x00, 0x00, 0x10, 0x00, 0x00, 0x00, 0x00, 0x00, 0x10, 0x00, 0x00, 0x00, 0x00, 0x00, 0x20, 0x00, 0x00, 0x00, 0x00, 0x00, 0x20, 0x00, 0x00, 0x00, 0x1C, 0x00, 0x20, 0x00, 0x00, 0x00, 0x6A, 0x00, 0x20, 0x1F, 0xFE, 0x00, 0x85, 0x00, 0x40, 0x20, 0x00, 0x0F, 0x05, 0x00, 0x40, 0x20, 0x00, 0xF0, 0x0A, 0x00, 0x80, 0x1F, 0xFF, 0x00, 0x05, 0xFF, 0x80};
const uint8_t BODY_SIDE_KNEADING_FRAMES_F11[] PROGMEM = {0x00, 0x00, 0x00, 0x01, 0xE0, 0x80, 0x00, 0x00, 0x00, 0x06, 0x00, 0x40, 0x00, 0x00, 0x00, 0x18, 0x00, 0x40, 0x00, 0x00, 0x00, 0x60, 0x00, 0x20, 0x00, 0x00, 0x01, 0x80, 0x00, 0x20, 0x00, 0x00, 0x06, 0x00, 0x00, 0x20, 0x00, 0x00, 0x08, 0x00, 0x00, 0x10, 0x00, 0x00, 0x00, 0x00, 0x00, 0x10, 0x00, 0x00, 0x00, 0x00, 0x00, 0x10, 0x00, 0x00, 0x00, 0x00, 0x00, 0x10, 0x00, 0x00, 0x00, 0x00, 0x00, 0x10, 0x00, 0x00, 0x00, 0x00, 0x00, 0x10, 0x00, 0x00, 0x00, 0x00, 0x00, 0x10, 0x00, 0x00, 0x00, 0x00, 0x00, 0x20, 0x00, 0x00, 0x00, 0x00, 0x00, 0x20, 0x00, 0x00, 0x00, 0x1C, 0x00, 0x20, 0x00, 0x00, 0x00, 0x6A, 0x00, 0x20, 0x2F, 0xFE, 0x00, 0x85, 0x00, 0x40, 0x50, 0x00, 0x0F, 0x05, 0x00, 0x40, 0x50, 0x00, 0xF0, 0x0A, 0x00, 0x80, 0x2F, 0xFF, 0x00, 0x05, 0xFF, 0x80};
const uint8_t *const BODY_SIDE_KNEADING_FRAMES[] PROGMEM = {BODY_SIDE_KNEADING_FRAMES_F0, BODY_SIDE_KNEADING_FRAMES_F1, BODY_SIDE_KNEADING_FRAMES_F2, BODY_SIDE_KNEADING_FRAMES_F3, BODY_SIDE_KNEADING_FRAMES_F4, BODY_SIDE_KNEADING_FRAMES_F5, BODY_SIDE_KNEADING_FRAMES_F6, BODY_SIDE_KNEADING_FRAMES_F7, BODY_SIDE_KNEADING_FRAMES_F8, BODY_SIDE_KNEADING_FRAMES_F9, BODY_SIDE_KNEADING_FRAMES_F10, BODY_SIDE_KNEADING_FRAMES_F11};
const uint8_t BODY_SIDE_KNEADING_FRAMES_COUNT = 12;

// --- BODY_SIDE_KNEADING_FILL_FRAMES ---
const uint8_t BODY_SIDE_KNEADING_FILL_FRAMES_F0[] PROGMEM = {0x00, 0x00, 0x00, 0x01, 0xFF, 0x80, 0x00, 0x00, 0x00, 0x07, 0xFF, 0xC0, 0x00, 0x00, 0x00, 0x1F, 0xFF, 0xC0, 0x00, 0x00, 0x00, 0x7F, 0xFF, 0xE0, 0x00, 0x00, 0x01, 0xFF, 0xFF, 0xE0, 0x00, 0x00, 0x07, 0xFF, 0xFF, 0xE0, 0x00, 0x00, 0x0F, 0xFF, 0xFF, 0xF0, 0x00, 0x00, 0x1F, 0xFF, 0xFF, 0xF0, 0x00, 0x00, 0x3F, 0xFF, 0xFF, 0xF0, 0x00, 0x00, 0x7F, 0xFF, 0xFF, 0xF0, 0x00, 0x00, 0xFF, 0xFF, 0xFF, 0xF0, 0x00, 0x01, 0xFF, 0xFF, 0xFF, 0xF0, 0x00, 0x01, 0xFF, 0xFF, 0xFF, 0xF0, 0x00, 0x03, 0xFF, 0xFF, 0xFF, 0xE0, 0x00, 0x03, 0xFF, 0xFF, 0xFF, 0xE0, 0x00, 0x03, 0xFF, 0xFF, 0xFF, 0xE0, 0x00, 0x03, 0xFF, 0xEF, 0xFF, 0xE0, 0x77, 0xFF, 0xFF, 0x87, 0xFF, 0xC0, 0xFF, 0xFF, 0xFF, 0x07, 0xFF, 0xC0, 0xFF, 0xFF, 0xF0, 0x0F, 0xFF, 0x80, 0x77, 0xFF, 0x00, 0x05, 0xFF, 0x80};
const uint8_t BODY_SIDE_KNEADING_FILL_FRAMES_F1[] PROGMEM = {0x00, 0x00, 0x00, 0x01, 0xFF, 0x80, 0x00, 0x00, 0x00, 0x07, 0xFF, 0xC0, 0x00, 0x00, 0x00, 0x1F, 0xFF, 0xC0, 0x00, 0x00, 0x00, 0x7F, 0xFF, 0xE0, 0x00, 0x00, 0x01, 0xFF, 0xFF, 0xE0, 0x00, 0x00, 0x07, 0xFF, 0xFF, 0xE0, 0x00, 0x00, 0x0F, 0xFF, 0xFF, 0xF0, 0x00, 0x00, 0x1F, 0xFF, 0xFF, 0xF0, 0x00, 0x00, 0x3F, 0xFF, 0xFF, 0xF0, 0x00, 0x00, 0x7F, 0xFF, 0xFF, 0xF0, 0x00, 0x00, 0xFF, 0xFF, 0xFF, 0xF0, 0x00, 0x01, 0xFF, 0xFF, 0xFF, 0xF0, 0x00, 0x01, 0xFF, 0xFF, 0xFF, 0xF0, 0x00, 0x03, 0xFF, 0xFF, 0xFF, 0xE0, 0x00, 0x03, 0xFF, 0xFF, 0xFF, 0xE0, 0x00, 0x03, 0xFF, 0xFF, 0xFF, 0xE0, 0x00, 0x03, 0xFF, 0xEF, 0xFF, 0xE0, 0x37, 0xFF, 0xFF, 0x87, 0xFF, 0xC0, 0x7F, 0xFF, 0xFF, 0x07, 0xFF, 0xC0, 0xFF, 0xFF, 0xF0, 0x0F, 0xFF, 0x80, 0xF7, 0xFF, 0x00, 0x05, 0xFF, 0x80};
const uint8_t BODY_SIDE_KNEADING_FILL_FRAMES_F2[] PROGMEM = {0x00, 0x00, 0x00, 0x01, 0xFF, 0x80, 0x00, 0x00, 0x00, 0x07, 0xFF, 0xC0, 0x00, 0x00, 0x00, 0x1F, 0xFF, 0xC0, 0x00, 0x00, 0x00, 0x7F, 0xFF, 0xE0, 0x00, 0x00, 0x01, 0xFF, 0xFF, 0xE0, 0x00, 0x00, 0x07, 0xFF, 0xFF, 0xE0, 0x00, 0x00, 0x0F, 0xFF, 0xFF, 0xF0, 0x00, 0x00, 0x1F, 0xFF, 0xFF, 0xF0, 0x00, 0x00, 0x3F, 0xFF, 0xFF, 0xF0, 0x00, 0x00, 0x7F, 0xFF, 0xFF, 0xF0, 0x00, 0x00, 0xFF, 0xFF, 0xFF, 0xF0, 0x00, 0x01, 0xFF, 0xFF, 0xFF, 0xF0, 0x00, 0x01, 0xFF, 0xFF, 0xFF, 0xF0, 0x00, 0x03, 0xFF, 0xFF, 0xFF, 0xE0, 0x00, 0x03, 0xFF, 0xFF, 0xFF, 0xE0, 0x00, 0x03, 0xFF, 0xFF, 0xFF, 0xE0, 0x00, 0x03, 0xFF, 0xEF, 0xFF, 0xE0, 0x77, 0xFF, 0xFF, 0x87, 0xFF, 0xC0, 0xFF, 0xFF, 0xFF, 0x07, 0xFF, 0xC0, 0xFF, 0xFF, 0xF0, 0x0F, 0xFF, 0x80, 0x77, 0xFF, 0x00, 0x05, 0xFF, 0x80};
const uint8_t BODY_SIDE_KNEADING_FILL_FRAMES_F3[] PROGMEM = {0x00, 0x00, 0x00, 0x01, 0xFF, 0x80, 0x00, 0x00, 0x00, 0x07, 0xFF, 0xC0, 0x00, 0x00, 0x00, 0x1F, 0xFF, 0xC0, 0x00, 0x00, 0x00, 0x7F, 0xFF, 0xE0, 0x00, 0x00, 0x01, 0xFF, 0xFF, 0xE0, 0x00, 0x00, 0x07, 0xFF, 0xFF, 0xE0, 0x00, 0x00, 0x0F, 0xFF, 0xFF, 0xF0, 0x00, 0x00, 0x1F, 0xFF, 0xFF, 0xF0, 0x00, 0x00, 0x3F, 0xFF, 0xFF, 0xF0, 0x00, 0x00, 0x7F, 0xFF, 0xFF, 0xF0, 0x00, 0x00, 0xFF, 0xFF, 0xFF, 0xF0, 0x00, 0x01, 0xFF, 0xFF, 0xFF, 0xF0, 0x00, 0x01, 0xFF, 0xFF, 0xFF, 0xF0, 0x00, 0x03, 0xFF, 0xFF, 0xFF, 0xE0, 0x00, 0x03, 0xFF, 0xFF, 0xFF, 0xE0, 0x00, 0x03, 0xFF, 0xFF, 0xFF, 0xE0, 0x00, 0x03, 0xFF, 0xEF, 0xFF, 0xE0, 0x2F, 0xFF, 0xFF, 0x87, 0xFF, 0xC0, 0x7F, 0xFF, 0xFF, 0x07, 0xFF, 0xC0, 0x7F, 0xFF, 0xF0, 0x0F, 0xFF, 0x80, 0x2F, 0xFF, 0x00, 0x05, 0xFF, 0x80};
const uint8_t BODY_SIDE_KNEADING_FILL_FRAMES_F4[] PROGMEM = {0x00, 0x00, 0x00, 0x01, 0xFF, 0x80, 0x00, 0x00, 0x00, 0x07, 0xFF, 0xC0, 0x00, 0x00, 0x00, 0x1F, 0xFF, 0xC0, 0x00, 0x00, 0x00, 0x7F, 0xFF, 0xE0, 0x00, 0x00, 0x01, 0xFF, 0xFF, 0xE0, 0x00, 0x00, 0x07, 0xFF, 0xFF, 0xE0, 0x00, 0x00, 0x0F, 0xFF, 0xFF, 0xF0, 0x00, 0x00, 0x1F, 0xFF, 0xFF, 0xF0, 0x00, 0x00, 0x3F, 0xFF, 0xFF, 0xF0, 0x00, 0x00, 0x7F, 0xFF, 0xFF, 0xF0, 0x00, 0x00, 0xFF, 0xFF, 0xFF, 0xF0, 0x00, 0x01, 0xFF, 0xFF, 0xFF, 0xF0, 0x00, 0x01, 0xFF, 0xFF, 0xFF, 0xF0, 0x00, 0x03, 0xFF, 0xFF, 0xFF, 0xE0, 0x00, 0x03, 0xFF, 0xFF, 0xFF, 0xE0, 0x00, 0x03, 0xFF, 0xFF, 0xFF, 0xE0, 0x00, 0x03, 0xFF, 0xEF, 0xFF, 0xE0, 0x1F, 0xFF, 0xFF, 0x87, 0xFF, 0xC0, 0x3F, 0xFF, 0xFF, 0x07, 0xFF, 0xC0, 0x3F, 0xFF, 0xF0, 0x0F, 0xFF, 0x80, 0x1F, 0xFF, 0x00, 0x05, 0xFF, 0x80};
const uint8_t BODY_SIDE_KNEADING_FILL_FRAMES_F5[] PROGMEM = {0x00, 0x00, 0x00, 0x01, 0xFF, 0x80, 0x00, 0x00, 0x00, 0x07, 0xFF, 0xC0, 0x00, 0x00, 0x00, 0x1F, 0xFF, 0xC0, 0x00, 0x00, 0x00, 0x7F, 0xFF, 0xE0, 0x00, 0x00, 0x01, 0xFF, 0xFF, 0xE0, 0x00, 0x00, 0x07, 0xFF, 0xFF, 0xE0, 0x00, 0x00, 0x0F, 0xFF, 0xFF, 0xF0, 0x00, 0x00, 0x1F, 0xFF, 0xFF, 0xF0, 0x00, 0x00, 0x3F, 0xFF, 0xFF, 0xF0, 0x00, 0x00, 0x7F, 0xFF, 0xFF, 0xF0, 0x00, 0x00, 0xFF, 0xFF, 0xFF, 0xF0, 0x00, 0x01, 0xFF, 0xFF, 0xFF, 0xF0, 0x00, 0x01, 0xFF, 0xFF, 0xFF, 0xF0, 0x00, 0x03, 0xFF, 0xFF, 0xFF, 0xE0, 0x00, 0x03, 0xFF, 0xFF, 0xFF, 0xE0, 0x00, 0x03, 0xFF, 0xFF, 0xFF, 0xE0, 0x00, 0x03, 0xFF, 0xEF, 0xFF, 0xE0, 0x3F, 0xFF, 0xFF, 0x87, 0xFF, 0xC0, 0x7F, 0xFF, 0xFF, 0x07, 0xFF, 0xC0, 0x7F, 0xFF, 0xF0, 0x0F, 0xFF, 0x80, 0x3F, 0xFF, 0x00, 0x05, 0xFF, 0x80};
const uint8_t BODY_SIDE_KNEADING_FILL_FRAMES_F6[] PROGMEM = {0x00, 0x00, 0x00, 0x01, 0xFF, 0x80, 0x00, 0x00, 0x00, 0x07, 0xFF, 0xC0, 0x00, 0x00, 0x00, 0x1F, 0xFF, 0xC0, 0x00, 0x00, 0x00, 0x7F, 0xFF, 0xE0, 0x00, 0x00, 0x01, 0xFF, 0xFF, 0xE0, 0x00, 0x00, 0x07, 0xFF, 0xFF, 0xE0, 0x00, 0x00, 0x0F, 0xFF, 0xFF, 0xF0, 0x00, 0x00, 0x1F, 0xFF, 0xFF, 0xF0, 0x00, 0x00, 0x3F, 0xFF, 0xFF, 0xF0, 0x00, 0x00, 0x7F, 0xFF, 0xFF, 0xF0, 0x00, 0x00, 0xFF, 0xFF, 0xFF, 0xF0, 0x00, 0x01, 0xFF, 0xFF, 0xFF, 0xF0, 0x00, 0x01, 0xFF, 0xFF, 0xFF, 0xF0, 0x00, 0x03, 0xFF, 0xFF, 0xFF, 0xE0, 0x00, 0x03, 0xFF, 0xFF, 0xFF, 0xE0, 0x00, 0x03, 0xFF, 0xFF, 0xFF, 0xE0, 0x00, 0x03, 0xFF, 0xEF, 0xFF, 0xE0, 0x7F, 0xFF, 0xFF, 0x87, 0xFF, 0xC0, 0xFF, 0xFF, 0xFF, 0x07, 0xFF, 0xC0, 0xFF, 0xFF, 0xF0, 0x0F, 0xFF, 0x80, 0x7F, 0xFF, 0x00, 0x05, 0xFF, 0x80};
const uint8_t BODY_SIDE_KNEADING_FILL_FRAMES_F7[] PROGMEM = {0x00, 0x00, 0x00, 0x01, 0xFF, 0x80, 0x00, 0x00, 0x00, 0x07, 0xFF, 0xC0, 0x00, 0x00, 0x00, 0x1F, 0xFF, 0xC0, 0x00, 0x00, 0x00, 0x7F, 0xFF, 0xE0, 0x00, 0x00, 0x01, 0xFF, 0xFF, 0xE0, 0x00, 0x00, 0x07, 0xFF, 0xFF, 0xE0, 0x00, 0x00, 0x0F, 0xFF, 0xFF, 0xF0, 0x00, 0x00, 0x1F, 0xFF, 0xFF, 0xF0, 0x00, 0x00, 0x3F, 0xFF, 0xFF, 0xF0, 0x00, 0x00, 0x7F, 0xFF, 0xFF, 0xF0, 0x00, 0x00, 0xFF, 0xFF, 0xFF, 0xF0, 0x00, 0x01, 0xFF, 0xFF, 0xFF, 0xF0, 0x00, 0x01, 0xFF, 0xFF, 0xFF, 0xF0, 0x00, 0x03, 0xFF, 0xFF, 0xFF, 0xE0, 0x00, 0x03, 0xFF, 0xFF, 0xFF, 0xE0, 0x00, 0x03, 0xFF, 0xFF, 0xFF, 0xE0, 0x00, 0x03, 0xFF, 0xEF, 0xFF, 0xE0, 0x3F, 0xFF, 0xFF, 0x87, 0xFF, 0xC0, 0x7F, 0xFF, 0xFF, 0x07, 0xFF, 0xC0, 0xFF, 0xFF, 0xF0, 0x0F, 0xFF, 0x80, 0xFF, 0xFF, 0x00, 0x05, 0xFF, 0x80};
const uint8_t BODY_SIDE_KNEADING_FILL_FRAMES_F8[] PROGMEM = {0x00, 0x00, 0x00, 0x01, 0xFF, 0x80, 0x00, 0x00, 0x00, 0x07, 0xFF, 0xC0, 0x00, 0x00, 0x00, 0x1F, 0xFF, 0xC0, 0x00, 0x00, 0x00, 0x7F, 0xFF, 0xE0, 0x00, 0x00, 0x01, 0xFF, 0xFF, 0xE0, 0x00, 0x00, 0x07, 0xFF, 0xFF, 0xE0, 0x00, 0x00, 0x0F, 0xFF, 0xFF, 0xF0, 0x00, 0x00, 0x1F, 0xFF, 0xFF, 0xF0, 0x00, 0x00, 0x3F, 0xFF, 0xFF, 0xF0, 0x00, 0x00, 0x7F, 0xFF, 0xFF, 0xF0, 0x00, 0x00, 0xFF, 0xFF, 0xFF, 0xF0, 0x00, 0x01, 0xFF, 0xFF, 0xFF, 0xF0, 0x00, 0x01, 0xFF, 0xFF, 0xFF, 0xF0, 0x00, 0x03, 0xFF, 0xFF, 0xFF, 0xE0, 0x00, 0x03, 0xFF, 0xFF, 0xFF, 0xE0, 0x00, 0x03, 0xFF, 0xFF, 0xFF, 0xE0, 0x00, 0x03, 0xFF, 0xEF, 0xFF, 0xE0, 0x7F, 0xFF, 0xFF, 0x87, 0xFF, 0xC0, 0xFF, 0xFF, 0xFF, 0x07, 0xFF, 0xC0, 0xFF, 0xFF, 0xF0, 0x0F, 0xFF, 0x80, 0x7F, 0xFF, 0x00, 0x05, 0xFF, 0x80};
const uint8_t BODY_SIDE_KNEADING_FILL_FRAMES_F9[] PROGMEM = {0x00, 0x00, 0x00, 0x01, 0xFF, 0x80, 0x00, 0x00, 0x00, 0x07, 0xFF, 0xC0, 0x00, 0x00, 0x00, 0x1F, 0xFF, 0xC0, 0x00, 0x00, 0x00, 0x7F, 0xFF, 0xE0, 0x00, 0x00, 0x01, 0xFF, 0xFF, 0xE0, 0x00, 0x00, 0x07, 0xFF, 0xFF, 0xE0, 0x00, 0x00, 0x0F, 0xFF, 0xFF, 0xF0, 0x00, 0x00, 0x1F, 0xFF, 0xFF, 0xF0, 0x00, 0x00, 0x3F, 0xFF, 0xFF, 0xF0, 0x00, 0x00, 0x7F, 0xFF, 0xFF, 0xF0, 0x00, 0x00, 0xFF, 0xFF, 0xFF, 0xF0, 0x00, 0x01, 0xFF, 0xFF, 0xFF, 0xF0, 0x00, 0x01, 0xFF, 0xFF, 0xFF, 0xF0, 0x00, 0x03, 0xFF, 0xFF, 0xFF, 0xE0, 0x00, 0x03, 0xFF, 0xFF, 0xFF, 0xE0, 0x00, 0x03, 0xFF, 0xFF, 0xFF, 0xE0, 0x00, 0x03, 0xFF, 0xEF, 0xFF, 0xE0, 0x3F, 0xFF, 0xFF, 0x87, 0xFF, 0xC0, 0x7F, 0xFF, 0xFF, 0x07, 0xFF, 0xC0, 0x7F, 0xFF, 0xF0, 0x0F, 0xFF, 0x80, 0x3F, 0xFF, 0x00, 0x05, 0xFF, 0x80};
const uint8_t BODY_SIDE_KNEADING_FILL_FRAMES_F10[] PROGMEM = {0x00, 0x00, 0x00, 0x01, 0xFF, 0x80, 0x00, 0x00, 0x00, 0x07, 0xFF, 0xC0, 0x00, 0x00, 0x00, 0x1F, 0xFF, 0xC0, 0x00, 0x00, 0x00, 0x7F, 0xFF, 0xE0, 0x00, 0x00, 0x01, 0xFF, 0xFF, 0xE0, 0x00, 0x00, 0x07, 0xFF, 0xFF, 0xE0, 0x00, 0x00, 0x0F, 0xFF, 0xFF, 0xF0, 0x00, 0x00, 0x1F, 0xFF, 0xFF, 0xF0, 0x00, 0x00, 0x3F, 0xFF, 0xFF, 0xF0, 0x00, 0x00, 0x7F, 0xFF, 0xFF, 0xF0, 0x00, 0x00, 0xFF, 0xFF, 0xFF, 0xF0, 0x00, 0x01, 0xFF, 0xFF, 0xFF, 0xF0, 0x00, 0x01, 0xFF, 0xFF, 0xFF, 0xF0, 0x00, 0x03, 0xFF, 0xFF, 0xFF, 0xE0, 0x00, 0x03, 0xFF, 0xFF, 0xFF, 0xE0, 0x00, 0x03, 0xFF, 0xFF, 0xFF, 0xE0, 0x00, 0x03, 0xFF, 0xEF, 0xFF, 0xE0, 0x1F, 0xFF, 0xFF, 0x87, 0xFF, 0xC0, 0x3F, 0xFF, 0xFF, 0x07, 0xFF, 0xC0, 0x3F, 0xFF, 0xF0, 0x0F, 0xFF, 0x80, 0x1F, 0xFF, 0x00, 0x05, 0xFF, 0x80};
const uint8_t BODY_SIDE_KNEADING_FILL_FRAMES_F11[] PROGMEM = {0x00, 0x00, 0x00, 0x01, 0xFF, 0x80, 0x00, 0x00, 0x00, 0x07, 0xFF, 0xC0, 0x00, 0x00, 0x00, 0x1F, 0xFF, 0xC0, 0x00, 0x00, 0x00, 0x7F, 0xFF, 0xE0, 0x00, 0x00, 0x01, 0xFF, 0xFF, 0xE0, 0x00, 0x00, 0x07, 0xFF, 0xFF, 0xE0, 0x00, 0x00, 0x0F, 0xFF, 0xFF, 0xF0, 0x00, 0x00, 0x1F, 0xFF, 0xFF, 0xF0, 0x00, 0x00, 0x3F, 0xFF, 0xFF, 0xF0, 0x00, 0x00, 0x7F, 0xFF, 0xFF, 0xF0, 0x00, 0x00, 0xFF, 0xFF, 0xFF, 0xF0, 0x00, 0x01, 0xFF, 0xFF, 0xFF, 0xF0, 0x00, 0x01, 0xFF, 0xFF, 0xFF, 0xF0, 0x00, 0x03, 0xFF, 0xFF, 0xFF, 0xE0, 0x00, 0x03, 0xFF, 0xFF, 0xFF, 0xE0, 0x00, 0x03, 0xFF, 0xFF, 0xFF, 0xE0, 0x00, 0x03, 0xFF, 0xEF, 0xFF, 0xE0, 0x2F, 0xFF, 0xFF, 0x87, 0xFF, 0xC0, 0x7F, 0xFF, 0xFF, 0x07, 0xFF, 0xC0, 0x7F, 0xFF, 0xF0, 0x0F, 0xFF, 0x80, 0x2F, 0xFF, 0x00, 0x05, 0xFF, 0x80};
const uint8_t *const BODY_SIDE_KNEADING_FILL_FRAMES[] PROGMEM = {BODY_SIDE_KNEADING_FILL_FRAMES_F0, BODY_SIDE_KNEADING_FILL_FRAMES_F1, BODY_SIDE_KNEADING_FILL_FRAMES_F2, BODY_SIDE_KNEADING_FILL_FRAMES_F3, BODY_SIDE_KNEADING_FILL_FRAMES_F4, BODY_SIDE_KNEADING_FILL_FRAMES_F5, BODY_SIDE_KNEADING_FILL_FRAMES_F6, BODY_SIDE_KNEADING_FILL_FRAMES_F7, BODY_SIDE_KNEADING_FILL_FRAMES_F8, BODY_SIDE_KNEADING_FILL_FRAMES_F9, BODY_SIDE_KNEADING_FILL_FRAMES_F10, BODY_SIDE_KNEADING_FILL_FRAMES_F11};
const uint8_t BODY_SIDE_KNEADING_FILL_FRAMES_COUNT = 12;

// --- BODY_SIDE_LAYING_FRAMES ---
const uint8_t BODY_SIDE_LAYING_FRAMES_F0[] PROGMEM = {0x00, 0x00, 0x00, 0x00, 0x00, 0x00, 0xF0, 0x00, 0x00, 0x0B, 0x0C, 0x00, 0x00, 0x04, 0x03, 0x00, 0x00, 0x00, 0x00, 0x80, 0x00, 0x00, 0x00, 0x40, 0x10, 0x00, 0x00, 0x20, 0x10, 0x00, 0x00, 0x20, 0x10, 0x00, 0x00, 0x10, 0x10, 0x00, 0x00, 0x10, 0x10, 0x00, 0x00, 0x08, 0x10, 0x00, 0x00, 0x08, 0x20, 0x00, 0x00, 0x00, 0x40, 0x00, 0x00, 0x80, 0x81, 0x00, 0x00, 0x80, 0x81, 0x00, 0x01, 0x08, 0x7E, 0xFF, 0xFF, 0xF0};
const uint8_t *const BODY_SIDE_LAYING_FRAMES[] PROGMEM = {BODY_SIDE_LAYING_FRAMES_F0};
const uint8_t BODY_SIDE_LAYING_FRAMES_COUNT = 1;

// --- BODY_SIDE_LAYING_FILL_FRAMES ---
const uint8_t BODY_SIDE_LAYING_FILL_FRAMES_F0[] PROGMEM = {0x00, 0x00, 0x00, 0x00, 0x00, 0x00, 0xF0, 0x00, 0x00, 0x03, 0xFC, 0x00, 0x07, 0xFF, 0xFF, 0x00, 0x0F, 0xFF, 0xFF, 0x80, 0x1F, 0xFF, 0xFF, 0xC0, 0x1F, 0xFF, 0xFF, 0xE0, 0x1F, 0xFF, 0xFF, 0xE0, 0x1F, 0xFF, 0xFF, 0xF0, 0x1F, 0xFF, 0xFF, 0xF0, 0x1F, 0xFF, 0xFF, 0xF8, 0x1F, 0xFF, 0xFF, 0xF8, 0x3F, 0xFF, 0xFF, 0xF8, 0x7F, 0xFF, 0xFF, 0xF8, 0xFF, 0xFF, 0xFF, 0xF8, 0xFF, 0xFF, 0xFF, 0xF8, 0x7E, 0xFF, 0xFF, 0xF0};
const uint8_t *const BODY_SIDE_LAYING_FILL_FRAMES[] PROGMEM = {BODY_SIDE_LAYING_FILL_FRAMES_F0};
const uint8_t BODY_SIDE_LAYING_FILL_FRAMES_COUNT = 1;

// --- BODY_SIDE_LAYING2_FRAMES ---
const uint8_t BODY_SIDE_LAYING2_FRAMES_F0[] PROGMEM = {0x00, 0x00, 0xF0, 0x00, 0x00, 0x03, 0x0C, 0x00, 0x00, 0x0C, 0x03, 0x00, 0x00, 0x30, 0x00, 0x80, 0x00, 0xC0, 0x00, 0x40, 0x01, 0x00, 0x00, 0x20, 0x02, 0x00, 0x00, 0x20, 0x00, 0x00, 0x00, 0x10, 0x00, 0x00, 0x00, 0x10, 0x00, 0x00, 0x00, 0x08, 0x10, 0x00, 0x00, 0x08, 0x20, 0x00, 0x00, 0x00, 0x40, 0x40, 0x00, 0x80, 0x80, 0x80, 0x00, 0x80, 0x81, 0x00, 0x01, 0x08, 0x7E, 0xFF, 0xFF, 0xF0};
const uint8_t *const BODY_SIDE_LAYING2_FRAMES[] PROGMEM = {BODY_SIDE_LAYING2_FRAMES_F0};
const uint8_t BODY_SIDE_LAYING2_FRAMES_COUNT = 1;

// --- BODY_SIDE_LAYING2_FILL_FRAMES ---
const uint8_t BODY_SIDE_LAYING2_FILL_FRAMES_F0[] PROGMEM = {0x00, 0x00, 0xF0, 0x00, 0x00, 0x03, 0xFC, 0x00, 0x00, 0x0F, 0xFF, 0x00, 0x00, 0x3F, 0xFF, 0x80, 0x00, 0xFF, 0xFF, 0xC0, 0x01, 0xFF, 0xFF, 0xE0, 0x03, 0xFF, 0xFF, 0xE0, 0x03, 0xFF, 0xFF, 0xF0, 0x07, 0xFF, 0xFF, 0xF0, 0x0F, 0xFF, 0xFF, 0xF8, 0x1F, 0xFF, 0xFF, 0xF8, 0x3F, 0xFF, 0xFF, 0xF8, 0x7F, 0xFF, 0xFF, 0xF8, 0xFF, 0xFF, 0xFF, 0xF8, 0xFF, 0xFF, 0xFF, 0xF8, 0x7E, 0xFF, 0xFF, 0xF0};
const uint8_t *const BODY_SIDE_LAYING2_FILL_FRAMES[] PROGMEM = {BODY_SIDE_LAYING2_FILL_FRAMES_F0};
const uint8_t BODY_SIDE_LAYING2_FILL_FRAMES_COUNT = 1;

// --- BODY_SIDE_LEANING_FRAMES ---
const uint8_t BODY_SIDE_LEANING_FRAMES_F0[] PROGMEM = {0x00, 0x00, 0x00, 0x01, 0xE0, 0x80, 0x00, 0x00, 0x00, 0x06, 0x00, 0x40, 0x00, 0x00, 0x00, 0x18, 0x00, 0x40, 0x00, 0x00, 0x00, 0x60, 0x00, 0x20, 0x00, 0x00, 0x01, 0x80, 0x00, 0x20, 0x00, 0x00, 0x06, 0x00, 0x00, 0x20, 0x00, 0x00, 0x08, 0x00, 0x00, 0x10, 0x00, 0x00, 0x00, 0x00, 0x00, 0x10, 0x00, 0x00, 0x00, 0x00, 0x00, 0x10, 0x00, 0x00, 0x00, 0x00, 0x00, 0x10, 0x00, 0x00, 0x00, 0x00, 0x00, 0x10, 0x00, 0x00, 0x00, 0x00, 0x00, 0x10, 0x00, 0x00, 0x00, 0x00, 0x00, 0x10, 0x00, 0x00, 0x00, 0x00, 0x00, 0x20, 0x00, 0x00, 0x00, 0x00, 0x00, 0x20, 0x00, 0x00, 0x00, 0x1C, 0x00, 0x20, 0x00, 0x00, 0x00, 0x6A, 0x00, 0x20, 0x77, 0xFE, 0x00, 0x85, 0x00, 0x40, 0x88, 0x00, 0x0F, 0x05, 0x00, 0x40, 0x88, 0x00, 0xF0, 0x0A, 0x00, 0x80, 0x77, 0xFF, 0x00, 0x05, 0xFF, 0x80};
const uint8_t *const BODY_SIDE_LEANING_FRAMES[] PROGMEM = {BODY_SIDE_LEANING_FRAMES_F0};
const uint8_t BODY_SIDE_LEANING_FRAMES_COUNT = 1;

// --- BODY_SIDE_LEANING_FILL_FRAMES ---
const uint8_t BODY_SIDE_LEANING_FILL_FRAMES_F0[] PROGMEM = {0x00, 0x00, 0x00, 0x01, 0xFF, 0x80, 0x00, 0x00, 0x00, 0x07, 0xFF, 0xC0, 0x00, 0x00, 0x00, 0x1F, 0xFF, 0xC0, 0x00, 0x00, 0x00, 0x7F, 0xFF, 0xE0, 0x00, 0x00, 0x01, 0xFF, 0xFF, 0xE0, 0x00, 0x00, 0x07, 0xFF, 0xFF, 0xE0, 0x00, 0x00, 0x3F, 0xFF, 0xFF, 0xF0, 0x00, 0x00, 0xFF, 0xFF, 0xFF, 0xF0, 0x00, 0x01, 0xFF, 0xFF, 0xFF, 0xF0, 0x00, 0x03, 0xFF, 0xFF, 0xFF, 0xF0, 0x00, 0x07, 0xFF, 0xFF, 0xFF, 0xF0, 0x00, 0x0F, 0xFF, 0xFF, 0xFF, 0xF0, 0x00, 0x1F, 0xFF, 0xFF, 0xFF, 0xF0, 0x00, 0x3F, 0xFF, 0xFF, 0xFF, 0xE0, 0x00, 0x3F, 0xFF, 0xFF, 0xFF, 0xE0, 0x00, 0x1F, 0xFF, 0xFF, 0xFF, 0xE0, 0x00, 0x1F, 0xFF, 0xEF, 0xFF, 0xE0, 0x7F, 0xFF, 0xFF, 0x87, 0xFF, 0xC0, 0xFF, 0xFF, 0xFF, 0x07, 0xFF, 0xC0, 0xFF, 0xFF, 0xF0, 0x0F, 0xFF, 0x80, 0x77, 0xFF, 0x00, 0x07, 0xFF, 0x80};
const uint8_t *const BODY_SIDE_LEANING_FILL_FRAMES[] PROGMEM = {BODY_SIDE_LEANING_FILL_FRAMES_F0};
const uint8_t BODY_SIDE_LEANING_FILL_FRAMES_COUNT = 1;

// --- BODY_SIDE_RUNNING_FRAMES ---
const uint8_t BODY_SIDE_RUNNING_FRAMES_F0[] PROGMEM = {0x00, 0x00, 0x07, 0xF0, 0x00, 0x00, 0x00, 0x00, 0x18, 0x0F, 0x00, 0x00, 0x00, 0x01, 0xE0, 0x00, 0x00, 0x00, 0x00, 0x00, 0x00, 0x00, 0x00, 0x00, 0x00, 0x00, 0x00, 0x00, 0x00, 0x00, 0x00, 0x00, 0x00, 0x00, 0x00, 0x00, 0x01, 0x80, 0x00, 0x01, 0x00, 0x00, 0x00, 0x40, 0x00, 0x01, 0x00, 0x00, 0x00, 0x20, 0x00, 0x00, 0x80, 0x00, 0x00, 0x40, 0x00, 0x00, 0x40, 0x00, 0x00, 0x80, 0x00, 0x00, 0x20, 0x00, 0x03, 0x00, 0x00, 0x00, 0x10, 0x00, 0x0C, 0x00, 0x1F, 0xC0, 0x08, 0x00, 0x10, 0x00, 0xE0, 0x30, 0x04, 0x00, 0x60, 0x0F, 0x00, 0x0C, 0x02, 0x00, 0x80, 0xF0, 0x00, 0x03, 0x01, 0x00, 0x43, 0x00, 0x00, 0x00, 0xC0, 0x80, 0x3C, 0x00, 0x00, 0x00, 0x30, 0x40, 0x00, 0x00, 0x00, 0x00, 0x08, 0x40, 0x00, 0x00, 0x00, 0x00, 0x07, 0x80, 0x00, 0x00, 0x00, 0x00, 0x00, 0x00};
const uint8_t BODY_SIDE_RUNNING_FRAMES_F1[] PROGMEM = {0x00, 0x00, 0x07, 0xF0, 0x00, 0x00, 0x00, 0x00, 0x18, 0x0F, 0x00, 0x00, 0x00, 0x01, 0xE0, 0x00, 0x00, 0x00, 0x00, 0x00, 0x00, 0x00, 0x00, 0x00, 0x00, 0x00, 0x00, 0x00, 0x00, 0x00, 0x00, 0x00, 0x00, 0x00, 0x00, 0x00, 0x01, 0x80, 0x00, 0x01, 0x00, 0x00, 0x00, 0x40, 0x00, 0x01, 0x00, 0x00, 0x00, 0x20, 0x00, 0x02, 0x00, 0x00, 0x00, 0x20, 0x00, 0x02, 0x00, 0x00, 0x00, 0x40, 0x00, 0x02, 0x00, 0x00, 0x00, 0x80, 0x00, 0x02, 0x00, 0x00, 0x01, 0x00, 0x1F, 0x01, 0x00, 0x00, 0x02, 0x01, 0xE0, 0x81, 0x00, 0x00, 0x04, 0x02, 0x00, 0x40, 0x80, 0x00, 0x08, 0x0C, 0x00, 0x20, 0x40, 0x00, 0x10, 0x30, 0x00, 0x18, 0x20, 0x00, 0x20, 0x40, 0x00, 0x04, 0x20, 0x00, 0x41, 0x80, 0x00, 0x08, 0x20, 0x00, 0x46, 0x00, 0x00, 0x07, 0xC0, 0x00, 0x38, 0x00, 0x00, 0x00, 0x00, 0x00};
const uint8_t BODY_SIDE_RUNNING_FRAMES_F2[] PROGMEM = {0x00, 0x00, 0x1F, 0xC0, 0x00, 0x00, 0x00, 0x00, 0x60, 0x3F, 0x00, 0x00, 0x00, 0x01, 0x80, 0x00, 0x00, 0x00, 0x00, 0x00, 0x00, 0x00, 0x00, 0x00, 0x00, 0x00, 0x00, 0x00, 0x00, 0x00, 0x00, 0x00, 0x00, 0x00, 0x00, 0x00, 0x01, 0x80, 0x00, 0x01, 0x00, 0x00, 0x00, 0x40, 0x00, 0x01, 0x00, 0x00, 0x00, 0x20, 0x00, 0x02, 0x00, 0x00, 0x00, 0x20, 0x00, 0x02, 0x00, 0x00, 0x00, 0x40, 0x00, 0x04, 0x00, 0x00, 0x00, 0x40, 0x00, 0x04, 0x00, 0x00, 0x00, 0x80, 0x78, 0x08, 0x00, 0x00, 0x01, 0x01, 0x84, 0x06, 0x00, 0x00, 0x02, 0x02, 0x03, 0x01, 0x00, 0x00, 0x02, 0x04, 0x00, 0xC0, 0x80, 0x00, 0x04, 0x18, 0x00, 0x20, 0x80, 0x00, 0x04, 0x20, 0x00, 0x43, 0x00, 0x00, 0x08, 0x40, 0x00, 0x3C, 0x00, 0x00, 0x11, 0x80, 0x00, 0x00, 0x00, 0x00, 0x0E, 0x00, 0x00, 0x00, 0x00, 0x00};
const uint8_t BODY_SIDE_RUNNING_FRAMES_F3[] PROGMEM = {0x00, 0x00, 0x1F, 0x80, 0x00, 0x00, 0x00, 0x00, 0x60, 0x7F, 0x00, 0x00, 0x00, 0x01, 0x80, 0x00, 0x00, 0x00, 0x00, 0x00, 0x00, 0x00, 0x00, 0x00, 0x00, 0x00, 0x00, 0x00, 0x00, 0x00, 0x00, 0x00, 0x00, 0x00, 0x00, 0x00, 0x01, 0x80, 0x00, 0x01, 0x00, 0x00, 0x00, 0x40, 0x00, 0x01, 0x00, 0x00, 0x00, 0x20, 0x00, 0x02, 0x00, 0x00, 0x00, 0x20, 0x00, 0x02, 0x00, 0x00, 0x00, 0x20, 0x00, 0x01, 0x00, 0x00, 0x00, 0x20, 0x3E, 0x01, 0x00, 0x00, 0x00, 0x20, 0x41, 0x00, 0x80, 0x00, 0x00, 0x10, 0x40, 0x80, 0x80, 0x00, 0x00, 0x10, 0x40, 0x80, 0x40, 0x00, 0x00, 0x08, 0x40, 0x40, 0x80, 0x00, 0x00, 0x08, 0x20, 0x81, 0x00, 0x00, 0x00, 0x04, 0x21, 0x06, 0x00, 0x00, 0x00, 0x04, 0x21, 0x08, 0x00, 0x00, 0x00, 0x02};
const uint8_t BODY_SIDE_RUNNING_FRAMES_F4[] PROGMEM = {0x00, 0x00, 0x07, 0xF8, 0x00, 0x00, 0x00, 0x00, 0x18, 0x07, 0x00, 0x00, 0x00, 0x01, 0xE0, 0x00, 0x00, 0x00, 0x00, 0x00, 0x00, 0x00, 0x00, 0x00, 0x00, 0x00, 0x00, 0x00, 0x00, 0x00, 0x00, 0x00, 0x00, 0x00, 0x00, 0x00, 0x01, 0x80, 0x00, 0x01, 0x00, 0x00, 0x00, 0x40, 0x00, 0x01, 0x00, 0x00, 0x00, 0x20, 0x00, 0x01, 0x00, 0x00, 0x00, 0x20, 0x00, 0x02, 0x00, 0x00, 0x00, 0x40, 0x00, 0x02, 0x00, 0x00, 0x00, 0x80, 0x00, 0x02, 0x00, 0x00, 0x01, 0x00, 0x7E, 0x01, 0x00, 0x00, 0x02, 0x07, 0x81, 0x01, 0x00, 0x00, 0x02, 0x08, 0x01, 0x00, 0x80, 0x00, 0x01, 0x06, 0x00, 0x80, 0x40, 0x00, 0x01, 0x01, 0x00, 0x60, 0x20, 0x00, 0x00, 0xC6, 0x00, 0x3C, 0x20, 0x00, 0x00, 0x38, 0x00, 0x02, 0x20, 0x00, 0x00, 0x00, 0x00, 0x04, 0x20, 0x00, 0x00, 0x00, 0x00, 0x03, 0xC0, 0x00};
const uint8_t *const BODY_SIDE_RUNNING_FRAMES[] PROGMEM = {BODY_SIDE_RUNNING_FRAMES_F0, BODY_SIDE_RUNNING_FRAMES_F1, BODY_SIDE_RUNNING_FRAMES_F2, BODY_SIDE_RUNNING_FRAMES_F3, BODY_SIDE_RUNNING_FRAMES_F4};
const uint8_t BODY_SIDE_RUNNING_FRAMES_COUNT = 5;

// --- BODY_SIDE_RUNNING_FILL_FRAMES ---
const uint8_t BODY_SIDE_RUNNING_FILL_FRAMES_F0[] PROGMEM = {0x00, 0x00, 0x07, 0xF0, 0x00, 0x00, 0x00, 0x00, 0x1F, 0xFF, 0x00, 0x00, 0x00, 0x03, 0xFF, 0xFF, 0x00, 0x00, 0x00, 0x0F, 0xFF, 0xFF, 0x00, 0x00, 0x00, 0x3F, 0xFF, 0xFF, 0x00, 0x00, 0x00, 0xFF, 0xFF, 0xFF, 0x00, 0x00, 0x01, 0xFF, 0xFF, 0xFF, 0x00, 0x00, 0x00, 0x7F, 0xFF, 0xFF, 0x00, 0x00, 0x00, 0x3F, 0xFF, 0xFF, 0x80, 0x00, 0x00, 0x7F, 0xFF, 0xFF, 0xC0, 0x00, 0x00, 0xFF, 0xFF, 0xFF, 0xE0, 0x00, 0x03, 0xFF, 0xFF, 0xFF, 0xF0, 0x00, 0x0F, 0xFF, 0xFF, 0xFF, 0xF8, 0x00, 0x1F, 0xFF, 0xE0, 0x3F, 0xFC, 0x00, 0x7F, 0xFF, 0x00, 0x0F, 0xFE, 0x00, 0xFF, 0xF0, 0x00, 0x03, 0xFF, 0x00, 0x7F, 0x00, 0x00, 0x00, 0xFF, 0x80, 0x3C, 0x00, 0x00, 0x00, 0x3F, 0xC0, 0x00, 0x00, 0x00, 0x00, 0x0F, 0xC0, 0x00, 0x00, 0x00, 0x00, 0x07, 0x80, 0x00, 0x00, 0x00, 0x00, 0x00, 0x00};
const uint8_t BODY_SIDE_RUNNING_FILL_FRAMES_F1[] PROGMEM = {0x00, 0x00, 0x07, 0xF0, 0x00, 0x00, 0x00, 0x00, 0x1F, 0xFF, 0x00, 0x00, 0x00, 0x03, 0xFF, 0xFF, 0x00, 0x00, 0x00, 0x0F, 0xFF, 0xFF, 0x00, 0x00, 0x00, 0x3F, 0xFF, 0xFF, 0x00, 0x00, 0x00, 0xFF, 0xFF, 0xFF, 0x00, 0x00, 0x01, 0xFF, 0xFF, 0xFF, 0x00, 0x00, 0x00, 0x7F, 0xFF, 0xFF, 0x00, 0x00, 0x00, 0x3F, 0xFF, 0xFE, 0x00, 0x00, 0x00, 0x3F, 0xFF, 0xFE, 0x00, 0x00, 0x00, 0x7F, 0xFF, 0xFE, 0x00, 0x00, 0x00, 0xFF, 0xFF, 0xFE, 0x00, 0x00, 0x01, 0xFF, 0xFF, 0xFF, 0x00, 0x00, 0x03, 0xFF, 0xE0, 0xFF, 0x00, 0x00, 0x07, 0xFE, 0x00, 0x7F, 0x80, 0x00, 0x0F, 0xFC, 0x00, 0x3F, 0xC0, 0x00, 0x1F, 0xF0, 0x00, 0x1F, 0xE0, 0x00, 0x3F, 0xC0, 0x00, 0x07, 0xE0, 0x00, 0x7F, 0x80, 0x00, 0x0F, 0xE0, 0x00, 0x7E, 0x00, 0x00, 0x07, 0xC0, 0x00, 0x38, 0x00, 0x00, 0x00, 0x00, 0x00};
const uint8_t BODY_SIDE_RUNNING_FILL_FRAMES_F2[] PROGMEM = {0x00, 0x00, 0x1F, 0xC0, 0x00, 0x00, 0x00, 0x00, 0x7F, 0xFF, 0x00, 0x00, 0x00, 0x03, 0xFF, 0xFF, 0x00, 0x00, 0x00, 0x0F, 0xFF, 0xFF, 0x00, 0x00, 0x00, 0x3F, 0xFF, 0xFF, 0x00, 0x00, 0x00, 0xFF, 0xFF, 0xFF, 0x00, 0x00, 0x01, 0xFF, 0xFF, 0xFF, 0x00, 0x00, 0x00, 0x7F, 0xFF, 0xFF, 0x00, 0x00, 0x00, 0x3F, 0xFF, 0xFE, 0x00, 0x00, 0x00, 0x3F, 0xFF, 0xFE, 0x00, 0x00, 0x00, 0x7F, 0xFF, 0xFC, 0x00, 0x00, 0x00, 0x7F, 0xFF, 0xFC, 0x00, 0x00, 0x00, 0xFF, 0xFF, 0xF8, 0x00, 0x00, 0x01, 0xFF, 0x87, 0xFE, 0x00, 0x00, 0x03, 0xFE, 0x03, 0xFF, 0x00, 0x00, 0x03, 0xFC, 0x00, 0xFF, 0x80, 0x00, 0x07, 0xF8, 0x00, 0x3F, 0x80, 0x00, 0x07, 0xE0, 0x00, 0x7F, 0x00, 0x00, 0x0F, 0xC0, 0x00, 0x3C, 0x00, 0x00, 0x1F, 0x80, 0x00, 0x00, 0x00, 0x00, 0x0E, 0x00, 0x00, 0x00, 0x00, 0x00};
const uint8_t BODY_SIDE_RUNNING_FILL_FRAMES_F3[] PROGMEM = {0x00, 0x00, 0x1F, 0x80, 0x00, 0x00, 0x00, 0x00, 0x7F, 0xFF, 0x00, 0x00, 0x00, 0x03, 0xFF, 0xFF, 0x00, 0x00, 0x00, 0x0F, 0xFF, 0xFF, 0x00, 0x00, 0x00, 0x3F, 0xFF, 0xFF, 0x00, 0x00, 0x00, 0xFF, 0xFF, 0xFF, 0x00, 0x00, 0x01, 0xFF, 0xFF, 0xFF, 0x00, 0x00, 0x00, 0x7F, 0xFF, 0xFF, 0x00, 0x00, 0x00, 0x3F, 0xFF, 0xFE, 0x00, 0x00, 0x00, 0x3F, 0xFF, 0xFE, 0x00, 0x00, 0x00, 0x3F, 0xFF, 0xFF, 0x00, 0x00, 0x00, 0x3F, 0xFF, 0xFF, 0x00, 0x00, 0x00, 0x3F, 0xC1, 0xFF, 0x80, 0x00, 0x00, 0x1F, 0xC0, 0xFF, 0x80, 0x00, 0x00, 0x1F, 0xC0, 0xFF, 0xC0, 0x00, 0x00, 0x0F, 0xC0, 0x7F, 0x80, 0x00, 0x00, 0x0F, 0xE0, 0xFF, 0x00, 0x00, 0x00, 0x07, 0xE1, 0xFE, 0x00, 0x00, 0x00, 0x07, 0xE1, 0xF8, 0x00, 0x00, 0x00, 0x03, 0xE3, 0xF0, 0x00, 0x00, 0x00, 0x01, 0xC1, 0xE0, 0x00, 0x00};
const uint8_t BODY_SIDE_RUNNING_FILL_FRAMES_F4[] PROGMEM = {0x00, 0x00, 0x07, 0xF8, 0x00, 0x00, 0x00, 0x00, 0x1F, 0xFF, 0x00, 0x00, 0x00, 0x03, 0xFF, 0xFF, 0x00, 0x00, 0x00, 0x0F, 0xFF, 0xFF, 0x00, 0x00, 0x00, 0x3F, 0xFF, 0xFF, 0x00, 0x00, 0x00, 0xFF, 0xFF, 0xFF, 0x00, 0x00, 0x01, 0xFF, 0xFF, 0xFF, 0x00, 0x00, 0x00, 0x7F, 0xFF, 0xFF, 0x00, 0x00, 0x00, 0x3F, 0xFF, 0xFF, 0x00, 0x00, 0x00, 0x3F, 0xFF, 0xFE, 0x00, 0x00, 0x00, 0x7F, 0xFF, 0xFE, 0x00, 0x00, 0x00, 0xFF, 0xFF, 0xFE, 0x00, 0x00, 0x01, 0xFF, 0xFF, 0xFF, 0x00, 0x00, 0x03, 0xFF, 0x81, 0xFF, 0x00, 0x00, 0x03, 0xF8, 0x01, 0xFF, 0x80, 0x00, 0x01, 0xFE, 0x00, 0xFF, 0xC0, 0x00, 0x01, 0xFF, 0x00, 0x7F, 0xE0, 0x00, 0x00, 0xFE, 0x00, 0x3F, 0xE0, 0x00, 0x00, 0x38, 0x00, 0x03, 0xE0, 0x00, 0x00, 0x00, 0x00, 0x07, 0xE0, 0x00, 0x00, 0x00, 0x00, 0x03, 0xC0, 0x00};
const uint8_t *const BODY_SIDE_RUNNING_FILL_FRAMES[] PROGMEM = {BODY_SIDE_RUNNING_FILL_FRAMES_F0, BODY_SIDE_RUNNING_FILL_FRAMES_F1, BODY_SIDE_RUNNING_FILL_FRAMES_F2, BODY_SIDE_RUNNING_FILL_FRAMES_F3, BODY_SIDE_RUNNING_FILL_FRAMES_F4};
const uint8_t BODY_SIDE_RUNNING_FILL_FRAMES_COUNT = 5;

// --- BODY_SIDE_SITTING_FRAMES ---
const uint8_t BODY_SIDE_SITTING_FRAMES_F0[] PROGMEM = {0x00, 0x02, 0x00, 0x10, 0x01, 0x00, 0x10, 0x00, 0x80, 0x10, 0x00, 0x40, 0x10, 0x00, 0x20, 0x10, 0x00, 0x10, 0x10, 0x00, 0x10, 0x08, 0x00, 0x08, 0x08, 0x00, 0x08, 0x08, 0x00, 0x04, 0x08, 0x00, 0x00, 0x08, 0x00, 0x00, 0x08, 0x00, 0x00, 0x10, 0x00, 0x00, 0x10, 0x00, 0x00, 0x11, 0x00, 0x04, 0x61, 0x00, 0x08, 0x83, 0x00, 0x08, 0x7C, 0xFF, 0xF0};
const uint8_t *const BODY_SIDE_SITTING_FRAMES[] PROGMEM = {BODY_SIDE_SITTING_FRAMES_F0};
const uint8_t BODY_SIDE_SITTING_FRAMES_COUNT = 1;

// --- BODY_SIDE_SITTING_FILL_FRAMES ---
const uint8_t BODY_SIDE_SITTING_FILL_FRAMES_F0[] PROGMEM = {0x03, 0xFE, 0x00, 0x07, 0xFF, 0x00, 0x0F, 0xFF, 0x80, 0x1F, 0xFF, 0xC0, 0x1F, 0xFF, 0xE0, 0x1F, 0xFF, 0xF0, 0x1F, 0xFF, 0xF0, 0x0F, 0xFF, 0xF8, 0x0F, 0xFF, 0xF8, 0x0F, 0xFF, 0xFC, 0x0F, 0xFF, 0xFC, 0x0F, 0xFF, 0xFC, 0x0F, 0xFF, 0xFC, 0x1F, 0xFF, 0xFC, 0x1F, 0xFF, 0xFC, 0x1F, 0xFF, 0xFC, 0x7F, 0xFF, 0xF8, 0xFF, 0xFF, 0xF8, 0x7C, 0xFF, 0xF0};
const uint8_t *const BODY_SIDE_SITTING_FILL_FRAMES[] PROGMEM = {BODY_SIDE_SITTING_FILL_FRAMES_F0};
const uint8_t BODY_SIDE_SITTING_FILL_FRAMES_COUNT = 1;

// --- BODY_SIDE_SITTING2_FRAMES ---
const uint8_t BODY_SIDE_SITTING2_FRAMES_F0[] PROGMEM = {0x00, 0x00, 0x80, 0x00, 0x08, 0x00, 0x80, 0x00, 0x08, 0x00, 0x40, 0x00, 0x08, 0x00, 0x20, 0x00, 0x08, 0x00, 0x10, 0x00, 0x04, 0x00, 0x08, 0x00, 0x04, 0x00, 0x04, 0x00, 0x04, 0x00, 0x04, 0x00, 0x02, 0x00, 0x02, 0x00, 0x02, 0x00, 0x02, 0x00, 0x02, 0x00, 0x02, 0x00, 0x06, 0x00, 0x01, 0x00, 0x06, 0x01, 0x01, 0x00, 0x0A, 0x01, 0x00, 0x80, 0x12};
const uint8_t BODY_SIDE_SITTING2_FRAMES_F1[] PROGMEM = {0x80, 0x00, 0x82, 0x23, 0x80, 0x80, 0x85, 0xDE, 0x43, 0x00, 0x78, 0x00, 0x3C, 0x00};
const uint8_t *const BODY_SIDE_SITTING2_FRAMES[] PROGMEM = {BODY_SIDE_SITTING2_FRAMES_F0, BODY_SIDE_SITTING2_FRAMES_F1};
const uint8_t BODY_SIDE_SITTING2_FRAMES_COUNT = 2;

// --- BODY_SIDE_SITTING2_FILL_FRAMES ---
const uint8_t BODY_SIDE_SITTING2_FILL_FRAMES_F0[] PROGMEM = {0x03, 0xFF, 0x00, 0x00, 0x07, 0xFF, 0x80, 0x00, 0x0F, 0xFF, 0xC0, 0x00, 0x0F, 0xFF, 0xE0, 0x00, 0x0F, 0xFF, 0xF0, 0x00, 0x07, 0xFF, 0xF8, 0x00, 0x07, 0xFF, 0xFC, 0x00, 0x07, 0xFF, 0xFC, 0x00, 0x03, 0xFF, 0xFE, 0x00, 0x03, 0xFF, 0xFE, 0x00, 0x03, 0xFF, 0xFE, 0x00, 0x07, 0xFF, 0xFF, 0x00, 0x07, 0xFF, 0xFF, 0x00, 0x0F, 0xFF, 0xFF, 0x80, 0x1F, 0xFF, 0xFF, 0x80, 0x1F, 0xFF, 0xFF, 0x80, 0x7F, 0xFF, 0xFF, 0x80, 0xFF, 0xFF, 0xFF, 0x80, 0xFD, 0xDE, 0x7F, 0x00, 0x78, 0x00, 0x3C, 0x00};
const uint8_t *const BODY_SIDE_SITTING2_FILL_FRAMES[] PROGMEM = {BODY_SIDE_SITTING2_FILL_FRAMES_F0};
const uint8_t BODY_SIDE_SITTING2_FILL_FRAMES_COUNT = 1;

// --- BODY_SIDE_SITTING_LEGOUT_FRAMES ---
const uint8_t BODY_SIDE_SITTING_LEGOUT_FRAMES_F0[] PROGMEM = {0x00, 0x00, 0x1E, 0x00, 0x00, 0x00, 0x01, 0x80, 0x00, 0x00, 0x00, 0x40, 0x00, 0x00, 0x00, 0x20, 0x00, 0x00, 0x00, 0x10, 0x00, 0x00, 0x00, 0x08, 0x00, 0x78, 0x00, 0x04, 0x00, 0x0C, 0x00, 0x04, 0x00, 0x14, 0x00, 0x02, 0x00, 0x24, 0x02, 0x02, 0x00, 0x44, 0x02, 0x01, 0x40, 0x84, 0x44, 0x40, 0xA3, 0x04, 0x44, 0x80, 0x9C, 0x04, 0x45, 0x00, 0x80, 0x04, 0x47, 0x01, 0x80, 0x1F, 0xBC, 0x86, 0x7F, 0xE0, 0x00, 0x78};
const uint8_t *const BODY_SIDE_SITTING_LEGOUT_FRAMES[] PROGMEM = {BODY_SIDE_SITTING_LEGOUT_FRAMES_F0};
const uint8_t BODY_SIDE_SITTING_LEGOUT_FRAMES_COUNT = 1;

// --- BODY_SIDE_SITTING_LEGOUT_FILL_FRAMES ---
const uint8_t BODY_SIDE_SITTING_LEGOUT_FILL_FRAMES_F0[] PROGMEM = {0x00, 0x00, 0x1E, 0x00, 0x00, 0x00, 0x3F, 0x80, 0x00, 0x00, 0xFF, 0xC0, 0x00, 0x03, 0xFF, 0xE0, 0x00, 0x0F, 0xFF, 0xF0, 0x00, 0x1F, 0xFF, 0xF8, 0x00, 0x3F, 0xFF, 0xFC, 0x00, 0x0F, 0xFF, 0xFC, 0x00, 0x1F, 0xFF, 0xFE, 0x00, 0x3F, 0xFF, 0xFE, 0x00, 0x7F, 0xFF, 0xFF, 0x40, 0xFF, 0xFF, 0xFF, 0xE3, 0xFF, 0xFF, 0xFF, 0xFF, 0xFF, 0xFF, 0xFF, 0xFF, 0xFF, 0xFF, 0xFF, 0xFF, 0xFF, 0xBC, 0xFE, 0x7F, 0xE0, 0x00, 0x78};
const uint8_t *const BODY_SIDE_SITTING_LEGOUT_FILL_FRAMES[] PROGMEM = {BODY_SIDE_SITTING_LEGOUT_FILL_FRAMES_F0};
const uint8_t BODY_SIDE_SITTING_LEGOUT_FILL_FRAMES_COUNT = 1;

// --- BODY_SIDE_STANDING_FRAMES ---
const uint8_t BODY_SIDE_STANDING_FRAMES_F0[] PROGMEM = {0x00, 0x01, 0xFC, 0x00, 0x00, 0x06, 0x03, 0xC0, 0x00, 0x78, 0x00, 0x00, 0x00, 0x00, 0x00, 0x00, 0x00, 0x00, 0x00, 0x00, 0x00, 0x00, 0x00, 0x00, 0x60, 0x00, 0x00, 0x40, 0x10, 0x00, 0x00, 0x40, 0x08, 0x00, 0x00, 0x20, 0x08, 0x00, 0x00, 0x10, 0x08, 0x00, 0x00, 0x08, 0x08, 0x00, 0x00, 0x08, 0x08, 0x01, 0x00, 0x08, 0x10, 0x02, 0x80, 0x08, 0x10, 0x04, 0x80, 0x08, 0x20, 0x04, 0x40, 0x08, 0x20, 0x04, 0x40, 0x10, 0x40, 0x08, 0x44, 0x10, 0x82, 0x08, 0x46, 0x10, 0x86, 0x10, 0x85, 0x10, 0x79, 0xE0, 0x78, 0xE0};
const uint8_t *const BODY_SIDE_STANDING_FRAMES[] PROGMEM = {BODY_SIDE_STANDING_FRAMES_F0};
const uint8_t BODY_SIDE_STANDING_FRAMES_COUNT = 1;

// --- BODY_SIDE_STANDING_FILL_FRAMES ---
const uint8_t BODY_SIDE_STANDING_FILL_FRAMES_F0[] PROGMEM = {0x00, 0x01, 0xFC, 0x00, 0x00, 0x07, 0xFF, 0xC0, 0x00, 0x7F, 0xFF, 0x80, 0x01, 0xFF, 0xFF, 0x80, 0x01, 0xFF, 0xFF, 0xC0, 0x03, 0xFF, 0xFF, 0xC0, 0x03, 0xFF, 0xFF, 0xC0, 0x07, 0xFF, 0xFF, 0xC0, 0x07, 0xFF, 0xFF, 0xE0, 0x07, 0xFF, 0xFF, 0xF0, 0x0F, 0xFF, 0xFF, 0xF8, 0x0F, 0xFF, 0xFF, 0xF8, 0x0F, 0xFF, 0xFF, 0xF8, 0x1F, 0xFE, 0xFF, 0xF8, 0x1F, 0xFC, 0xFF, 0xF8, 0x3F, 0xFC, 0x7F, 0xF8, 0x3F, 0xFC, 0x7F, 0xF0, 0x7F, 0xF8, 0x7F, 0xF0, 0xFF, 0xF8, 0x7F, 0xF0, 0xFF, 0xF0, 0xFD, 0xF0, 0x79, 0xE0, 0x78, 0xE0};
const uint8_t *const BODY_SIDE_STANDING_FILL_FRAMES[] PROGMEM = {BODY_SIDE_STANDING_FILL_FRAMES_F0};
const uint8_t BODY_SIDE_STANDING_FILL_FRAMES_COUNT = 1;

// --- BODY_SIDE_WALKING_FRAMES ---
const uint8_t BODY_SIDE_WALKING_FRAMES_F0[] PROGMEM = {0x00, 0x01, 0xFC, 0x00, 0x00, 0x06, 0x03, 0xC0, 0x00, 0x78, 0x00, 0x00, 0x00, 0x00, 0x00, 0x00, 0x00, 0x00, 0x00, 0x00, 0x00, 0x00, 0x00, 0x00, 0x60, 0x00, 0x00, 0x40, 0x10, 0x00, 0x00, 0x40, 0x08, 0x00, 0x00, 0x20, 0x08, 0x00, 0x00, 0x10, 0x08, 0x00, 0x00, 0x10, 0x08, 0x00, 0x00, 0x10, 0x10, 0x01, 0x00, 0x10, 0x10, 0x02, 0x80, 0x10, 0x10, 0x04, 0x80, 0x10, 0x20, 0x04, 0x42, 0x10, 0x20, 0x82, 0x45, 0x10, 0x41, 0x42, 0x85, 0x08, 0x82, 0x42, 0x89, 0x08, 0x84};
const uint8_t BODY_SIDE_WALKING_FRAMES_F1[] PROGMEM = {0x00, 0x01, 0xF8, 0x00, 0x00, 0x0E, 0x07, 0xC0, 0x00, 0x70, 0x00, 0x00, 0x00, 0x00, 0x00, 0x00, 0x00, 0x00, 0x00, 0x00, 0x00, 0x00, 0x00, 0x00, 0x60, 0x00, 0x00, 0x40, 0x10, 0x00, 0x00, 0x40, 0x08, 0x00, 0x00, 0x20, 0x08, 0x00, 0x00, 0x10, 0x08, 0x00, 0x00, 0x10, 0x08, 0x00, 0x00, 0x10, 0x08, 0x03, 0x00, 0x10, 0x10, 0x04, 0x80, 0x10, 0x10, 0x08, 0x80, 0x10, 0x10, 0x08, 0x40, 0x20, 0x10, 0x84, 0x40, 0x10, 0x20, 0x84, 0x42, 0x08, 0x20, 0xC8, 0x85, 0x90, 0x21, 0x30, 0x84, 0x60, 0x1E, 0x00, 0x78, 0x00};
const uint8_t BODY_SIDE_WALKING_FRAMES_F2[] PROGMEM = {0x00, 0x01, 0xF8, 0x00, 0x00, 0x1E, 0x07, 0xC0, 0x00, 0x60, 0x00, 0x00, 0x00, 0x00, 0x00, 0x00, 0x00, 0x00, 0x00, 0x00, 0x00, 0x00, 0x00, 0x00, 0x60, 0x00, 0x00, 0x40, 0x10, 0x00, 0x00, 0x40, 0x08, 0x00, 0x00, 0x20, 0x08, 0x00, 0x00, 0x10, 0x08, 0x00, 0x00, 0x10, 0x08, 0x00, 0x00, 0x10, 0x08, 0x03, 0x00, 0x10, 0x08, 0x04, 0x80, 0x20, 0x08, 0x08, 0x80, 0x20, 0x08, 0x08, 0x40, 0x20, 0x08, 0x08, 0x41, 0x10, 0x04, 0x10, 0x21, 0x90, 0x04, 0x20, 0x21, 0x60, 0x04, 0x20};
const uint8_t BODY_SIDE_WALKING_FRAMES_F3[] PROGMEM = {0x00, 0x01, 0xF8, 0x00, 0x00, 0x0E, 0x07, 0xC0, 0x00, 0x70, 0x00, 0x00, 0x00, 0x00, 0x00, 0x00, 0x00, 0x00, 0x00, 0x00, 0x00, 0x00, 0x00, 0x00, 0x60, 0x00, 0x00, 0x40, 0x10, 0x00, 0x00, 0x40, 0x08, 0x00, 0x00, 0x20, 0x08, 0x00, 0x00, 0x10, 0x08, 0x00, 0x00, 0x10, 0x08, 0x00, 0x00, 0x10, 0x08, 0x03, 0x00, 0x20, 0x10, 0x04, 0x80, 0x20, 0x10, 0x04, 0x80, 0x40, 0x20, 0x08, 0x40, 0x40, 0x40, 0x08, 0x24, 0x20, 0x42, 0x08, 0x14, 0x20, 0x25, 0x08, 0x0A, 0x20, 0x18, 0x88, 0x02, 0x20, 0x00, 0x70, 0x01, 0xC0};
const uint8_t BODY_SIDE_WALKING_FRAMES_F4[] PROGMEM = {0x00, 0x01, 0xFC, 0x00, 0x00, 0x06, 0x03, 0xC0, 0x00, 0x78, 0x00, 0x00, 0x00, 0x00, 0x00, 0x00, 0x00, 0x00, 0x00, 0x00, 0x00, 0x00, 0x00, 0x00, 0x60, 0x00, 0x00, 0x40, 0x10, 0x00, 0x00, 0x40, 0x08, 0x00, 0x00, 0x20, 0x08, 0x00, 0x00, 0x10, 0x08, 0x00, 0x00, 0x10, 0x08, 0x00, 0x00, 0x10, 0x10, 0x01, 0x00, 0x10, 0x10, 0x02, 0x80, 0x20, 0x10, 0x04, 0x84, 0x20, 0x20, 0x08, 0x84, 0x20, 0x20, 0x09, 0x0A, 0x10, 0x41, 0x05, 0x0A, 0x10, 0x82, 0x84, 0x89, 0x10, 0x44, 0x88, 0x71, 0x10, 0x38, 0x70, 0x00, 0xE0};
const uint8_t *const BODY_SIDE_WALKING_FRAMES[] PROGMEM = {BODY_SIDE_WALKING_FRAMES_F0, BODY_SIDE_WALKING_FRAMES_F1, BODY_SIDE_WALKING_FRAMES_F2, BODY_SIDE_WALKING_FRAMES_F3, BODY_SIDE_WALKING_FRAMES_F4};
const uint8_t BODY_SIDE_WALKING_FRAMES_COUNT = 5;

// --- BODY_SIDE_WALKING_FILL_FRAMES ---
const uint8_t BODY_SIDE_WALKING_FILL_FRAMES_F0[] PROGMEM = {0x00, 0x01, 0xFC, 0x00, 0x00, 0x07, 0xFF, 0xC0, 0x00, 0xFF, 0xFF, 0xC0, 0x03, 0xFF, 0xFF, 0xC0, 0x0F, 0xFF, 0xFF, 0xC0, 0x3F, 0xFF, 0xFF, 0xC0, 0x7F, 0xFF, 0xFF, 0xC0, 0x1F, 0xFF, 0xFF, 0xC0, 0x0F, 0xFF, 0xFF, 0xE0, 0x0F, 0xFF, 0xFF, 0xF0, 0x0F, 0xFF, 0xFF, 0xF0, 0x0F, 0xFF, 0xFF, 0xF0, 0x1F, 0xFF, 0xFF, 0xF0, 0x1F, 0xFE, 0xFF, 0xF0, 0x1F, 0xFC, 0xFF, 0xF0, 0x3F, 0xFC, 0x7F, 0xF0, 0x3F, 0xFE, 0x7D, 0xF0, 0x7F, 0x7E, 0xFD, 0xF8, 0xFE, 0x7E, 0xF9, 0xF8, 0xFC, 0x3E, 0xF8, 0xF8, 0x78, 0x1C, 0x70, 0x70};
const uint8_t BODY_SIDE_WALKING_FILL_FRAMES_F1[] PROGMEM = {0x00, 0x01, 0xF8, 0x00, 0x00, 0x0F, 0xFF, 0xC0, 0x00, 0xFF, 0xFF, 0xC0, 0x03, 0xFF, 0xFF, 0xC0, 0x0F, 0xFF, 0xFF, 0xC0, 0x3F, 0xFF, 0xFF, 0xC0, 0x7F, 0xFF, 0xFF, 0xC0, 0x1F, 0xFF, 0xFF, 0xC0, 0x0F, 0xFF, 0xFF, 0xE0, 0x0F, 0xFF, 0xFF, 0xF0, 0x0F, 0xFF, 0xFF, 0xF0, 0x0F, 0xFF, 0xFF, 0xF0, 0x0F, 0xFF, 0xFF, 0xF0, 0x1F, 0xFC, 0xFF, 0xF0, 0x1F, 0xF8, 0xFF, 0xF0, 0x1F, 0xF8, 0x7F, 0xE0, 0x1F, 0xFC, 0x7F, 0xF0, 0x3F, 0xFC, 0x7F, 0xF8, 0x3F, 0xF8, 0xFD, 0xF0, 0x3F, 0x30, 0xFC, 0x60, 0x1E, 0x00, 0x78, 0x00};
const uint8_t BODY_SIDE_WALKING_FILL_FRAMES_F2[] PROGMEM = {0x00, 0x01, 0xF8, 0x00, 0x00, 0x1F, 0xFF, 0xC0, 0x00, 0xFF, 0xFF, 0xC0, 0x03, 0xFF, 0xFF, 0xC0, 0x0F, 0xFF, 0xFF, 0xC0, 0x3F, 0xFF, 0xFF, 0xC0, 0x7F, 0xFF, 0xFF, 0xC0, 0x1F, 0xFF, 0xFF, 0xC0, 0x0F, 0xFF, 0xFF, 0xE0, 0x0F, 0xFF, 0xFF, 0xF0, 0x0F, 0xFF, 0xFF, 0xF0, 0x0F, 0xFF, 0xFF, 0xF0, 0x0F, 0xFF, 0xFF, 0xF0, 0x0F, 0xFC, 0xFF, 0xE0, 0x0F, 0xF8, 0xFF, 0xE0, 0x0F, 0xF8, 0x7F, 0xE0, 0x0F, 0xF8, 0x7F, 0xF0, 0x07, 0xF0, 0x3F, 0xF0, 0x07, 0xE0, 0x3F, 0x60, 0x07, 0xE0, 0x3E, 0x00, 0x03, 0xC0, 0x1C, 0x00};
const uint8_t BODY_SIDE_WALKING_FILL_FRAMES_F3[] PROGMEM = {0x00, 0x01, 0xF8, 0x00, 0x00, 0x0F, 0xFF, 0xC0, 0x00, 0xFF, 0xFF, 0xC0, 0x03, 0xFF, 0xFF, 0xC0, 0x0F, 0xFF, 0xFF, 0xC0, 0x3F, 0xFF, 0xFF, 0xC0, 0x7F, 0xFF, 0xFF, 0xC0, 0x1F, 0xFF, 0xFF, 0xC0, 0x0F, 0xFF, 0xFF, 0xE0, 0x0F, 0xFF, 0xFF, 0xF0, 0x0F, 0xFF, 0xFF, 0xF0, 0x0F, 0xFF, 0xFF, 0xF0, 0x0F, 0xFF, 0xFF, 0xE0, 0x1F, 0xFC, 0xFF, 0xE0, 0x1F, 0xFC, 0xFF, 0xC0, 0x3F, 0xF8, 0x7F, 0xC0, 0x7F, 0xF8, 0x3F, 0xE0, 0x7F, 0xF8, 0x1F, 0xE0, 0x3D, 0xF8, 0x0B, 0xE0, 0x18, 0xF8, 0x03, 0xE0, 0x00, 0x70, 0x01, 0xC0};
const uint8_t BODY_SIDE_WALKING_FILL_FRAMES_F4[] PROGMEM = {0x00, 0x01, 0xFC, 0x00, 0x00, 0x07, 0xFF, 0xC0, 0x00, 0xFF, 0xFF, 0xC0, 0x03, 0xFF, 0xFF, 0xC0, 0x0F, 0xFF, 0xFF, 0xC0, 0x3F, 0xFF, 0xFF, 0xC0, 0x7F, 0xFF, 0xFF, 0xC0, 0x1F, 0xFF, 0xFF, 0xC0, 0x0F, 0xFF, 0xFF, 0xE0, 0x0F, 0xFF, 0xFF, 0xF0, 0x0F, 0xFF, 0xFF, 0xF0, 0x0F, 0xFF, 0xFF, 0xF0, 0x1F, 0xFF, 0xFF, 0xF0, 0x1F, 0xFE, 0xFF, 0xE0, 0x1F, 0xFC, 0xFF, 0xE0, 0x3F, 0xF8, 0xFF, 0xE0, 0x3F, 0xF9, 0xFB, 0xF0, 0x7F, 0xFD, 0xFB, 0xF0, 0xFE, 0xFC, 0xF9, 0xF0, 0x7C, 0xF8, 0x71, 0xF0, 0x38, 0x70, 0x00, 0xE0};
const uint8_t *const BODY_SIDE_WALKING_FILL_FRAMES[] PROGMEM = {BODY_SIDE_WALKING_FILL_FRAMES_F0, BODY_SIDE_WALKING_FILL_FRAMES_F1, BODY_SIDE_WALKING_FILL_FRAMES_F2, BODY_SIDE_WALKING_FILL_FRAMES_F3, BODY_SIDE_WALKING_FILL_FRAMES_F4};
const uint8_t BODY_SIDE_WALKING_FILL_FRAMES_COUNT = 5;

// --- BODY_SIDE_WITCH_FRAMES ---
const uint8_t BODY_SIDE_WITCH_FRAMES_F0[] PROGMEM = {0x00, 0x00, 0x00, 0x30, 0x00, 0x00, 0x00, 0x1F, 0xF8, 0x00, 0x00, 0x07, 0xFF, 0xFC, 0x00, 0x00, 0x03, 0x3E, 0x1E, 0x00, 0x00, 0x03, 0xF8, 0x0F, 0x00, 0x00, 0x03, 0xF0, 0x0F, 0x00, 0x00, 0x03, 0xB0, 0x07, 0x80, 0x00, 0x03, 0x90, 0x07, 0x80, 0x00, 0x07, 0x80, 0x07, 0xC0, 0x00, 0x07, 0x80, 0x03, 0xC0, 0x00, 0x0F, 0x80, 0x03, 0xC0, 0x00, 0x1F, 0x80, 0x03, 0xC0, 0x00, 0x3F, 0x00, 0x03, 0xC0, 0x00, 0x7F, 0x00, 0x01, 0xC0, 0x01, 0xFF, 0x10, 0x01, 0xC0, 0x07, 0xFE, 0x10, 0x01, 0x80, 0x1F, 0xFE, 0x30, 0x07, 0x80, 0xFF, 0xFF, 0xCF, 0xFF, 0x00};
const uint8_t *const BODY_SIDE_WITCH_FRAMES[] PROGMEM = {BODY_SIDE_WITCH_FRAMES_F0};
const uint8_t BODY_SIDE_WITCH_FRAMES_COUNT = 1;

// --- BODY_SIDE_WITCH_FILL_FRAMES ---
const uint8_t BODY_SIDE_WITCH_FILL_FRAMES_F0[] PROGMEM = {0x00, 0x00, 0x00, 0x30, 0x00, 0x00, 0x00, 0x1F, 0xF8, 0x00, 0x00, 0x07, 0xFF, 0xFC, 0x00, 0x00, 0x03, 0xFF, 0xFE, 0x00, 0x00, 0x03, 0xFF, 0xFF, 0x00, 0x00, 0x03, 0xFF, 0xFF, 0x00, 0x00, 0x03, 0xFF, 0xFF, 0x80, 0x00, 0x03, 0xFF, 0xFF, 0x80, 0x00, 0x07, 0xFF, 0xFF, 0xC0, 0x00, 0x07, 0xFF, 0xFF, 0xC0, 0x00, 0x0F, 0xFF, 0xFF, 0xC0, 0x00, 0x1F, 0xFF, 0xFF, 0xC0, 0x00, 0x3F, 0xFF, 0xFF, 0xC0, 0x00, 0x7F, 0xFF, 0xFF, 0xC0, 0x01, 0xFF, 0xFF, 0xFF, 0xC0, 0x07, 0xFF, 0xFF, 0xFF, 0x80, 0x1F, 0xFF, 0xFF, 0xFF, 0x80, 0xFF, 0xFF, 0xCF, 0xFF, 0x00};
const uint8_t *const BODY_SIDE_WITCH_FILL_FRAMES[] PROGMEM = {BODY_SIDE_WITCH_FILL_FRAMES_F0};
const uint8_t BODY_SIDE_WITCH_FILL_FRAMES_COUNT = 1;

// --- EYES_FRONT_ALOOF_FRAMES ---
const uint8_t EYES_FRONT_ALOOF_FRAMES_F0[] PROGMEM = {0x20, 0x10, 0x40, 0x20, 0x48, 0x24, 0xCC, 0x66, 0x30, 0x18};
const uint8_t EYES_FRONT_ALOOF_FRAMES_F1[] PROGMEM = {0x00, 0x00, 0x20, 0x10, 0x40, 0x20, 0xCC, 0x66, 0x30, 0x18};
const uint8_t EYES_FRONT_ALOOF_FRAMES_F2[] PROGMEM = {0x00, 0x00, 0x00, 0x00, 0x20, 0x10, 0xCC, 0x66, 0x30, 0x18};
const uint8_t EYES_FRONT_ALOOF_FRAMES_F3[] PROGMEM = {0x00, 0x00, 0x00, 0x00, 0x00, 0x00, 0xFC, 0x7E, 0x30, 0x18};
const uint8_t EYES_FRONT_ALOOF_FRAMES_F4[] PROGMEM = {0x00, 0x00, 0x00, 0x00, 0x20, 0x10, 0xCC, 0x66, 0x30, 0x18};
const uint8_t EYES_FRONT_ALOOF_FRAMES_F5[] PROGMEM = {0x00, 0x00, 0x20, 0x10, 0x40, 0x20, 0xCC, 0x66, 0x30, 0x18};
const uint8_t *const EYES_FRONT_ALOOF_FRAMES[] PROGMEM = {EYES_FRONT_ALOOF_FRAMES_F0, EYES_FRONT_ALOOF_FRAMES_F1, EYES_FRONT_ALOOF_FRAMES_F2, EYES_FRONT_ALOOF_FRAMES_F3, EYES_FRONT_ALOOF_FRAMES_F4, EYES_FRONT_ALOOF_FRAMES_F5};
const uint8_t EYES_FRONT_ALOOF_FRAMES_COUNT = 6;

// --- EYES_FRONT_HAPPY_FRAMES ---
const uint8_t EYES_FRONT_HAPPY_FRAMES_F0[] PROGMEM = {0x78, 0x3C, 0x84, 0x42};
const uint8_t *const EYES_FRONT_HAPPY_FRAMES[] PROGMEM = {EYES_FRONT_HAPPY_FRAMES_F0};
const uint8_t EYES_FRONT_HAPPY_FRAMES_COUNT = 1;

// --- EYES_FRONT_LOOKAROUND_FRAMES ---
const uint8_t EYES_FRONT_LOOKAROUND_FRAMES_F0[] PROGMEM = {0x00, 0x02, 0x00, 0x02, 0x05, 0x00, 0x05, 0x05, 0x00, 0x05, 0x05, 0x80, 0x1D, 0x02, 0x00, 0x06, 0x00, 0x00};
const uint8_t EYES_FRONT_LOOKAROUND_FRAMES_F1[] PROGMEM = {0x00, 0x04, 0x00, 0x04, 0x0A, 0x00, 0x0A, 0x0A, 0x00, 0x0A, 0x0B, 0x00, 0x3A, 0x04, 0x00, 0x0C, 0x00, 0x00};
const uint8_t EYES_FRONT_LOOKAROUND_FRAMES_F2[] PROGMEM = {0x00, 0x00, 0x00, 0x08, 0x08, 0x00, 0x14, 0x14, 0x00, 0x14, 0x14, 0x00, 0x74, 0x17, 0x00, 0x18, 0x0C, 0x00};
const uint8_t EYES_FRONT_LOOKAROUND_FRAMES_F3[] PROGMEM = {0x10, 0x00, 0x00, 0x28, 0x10, 0x00, 0x28, 0x28, 0x00, 0x68, 0x28, 0x00, 0x10, 0x2E, 0x00, 0x00, 0x18, 0x00};
const uint8_t EYES_FRONT_LOOKAROUND_FRAMES_F4[] PROGMEM = {0x20, 0x00, 0x00, 0x50, 0x20, 0x00, 0x50, 0x50, 0x00, 0xD0, 0x50, 0x00, 0x20, 0x5C, 0x00, 0x00, 0x30, 0x00};
const uint8_t EYES_FRONT_LOOKAROUND_FRAMES_F5[] PROGMEM = {0x10, 0x00, 0x00, 0x28, 0x10, 0x00, 0x28, 0x28, 0x00, 0x68, 0x28, 0x00, 0x10, 0x2E, 0x00, 0x00, 0x18, 0x00};
const uint8_t EYES_FRONT_LOOKAROUND_FRAMES_F6[] PROGMEM = {0x00, 0x00, 0x00, 0x08, 0x08, 0x00, 0x14, 0x14, 0x00, 0x14, 0x14, 0x00, 0x74, 0x17, 0x00, 0x18, 0x0C, 0x00};
const uint8_t EYES_FRONT_LOOKAROUND_FRAMES_F7[] PROGMEM = {0x00, 0x04, 0x00, 0x04, 0x0A, 0x00, 0x0A, 0x0A, 0x00, 0x0A, 0x0B, 0x00, 0x3A, 0x04, 0x00, 0x0C, 0x00, 0x00};
const uint8_t *const EYES_FRONT_LOOKAROUND_FRAMES[] PROGMEM = {EYES_FRONT_LOOKAROUND_FRAMES_F0, EYES_FRONT_LOOKAROUND_FRAMES_F1, EYES_FRONT_LOOKAROUND_FRAMES_F2, EYES_FRONT_LOOKAROUND_FRAMES_F3, EYES_FRONT_LOOKAROUND_FRAMES_F4, EYES_FRONT_LOOKAROUND_FRAMES_F5, EYES_FRONT_LOOKAROUND_FRAMES_F6, EYES_FRONT_LOOKAROUND_FRAMES_F7};
const uint8_t EYES_FRONT_LOOKAROUND_FRAMES_COUNT = 8;

// --- EYES_FRONT_NEUTRAL_FRAMES ---
const uint8_t EYES_FRONT_NEUTRAL_FRAMES_F0[] PROGMEM = {0x4C, 0x13, 0x00, 0xC4, 0x11, 0x80, 0x38, 0x0E, 0x00};
const uint8_t EYES_FRONT_NEUTRAL_FRAMES_F1[] PROGMEM = {0x00, 0x00, 0x00, 0xCC, 0x13, 0x80, 0x38, 0x0E, 0x00};
const uint8_t EYES_FRONT_NEUTRAL_FRAMES_F2[] PROGMEM = {0x00, 0x00, 0x00, 0x00, 0x00, 0x00, 0xFC, 0x1F, 0x80};
const uint8_t EYES_FRONT_NEUTRAL_FRAMES_F3[] PROGMEM = {0x00, 0x00, 0x00, 0xCC, 0x13, 0x80, 0x38, 0x0E, 0x00};
const uint8_t *const EYES_FRONT_NEUTRAL_FRAMES[] PROGMEM = {EYES_FRONT_NEUTRAL_FRAMES_F0, EYES_FRONT_NEUTRAL_FRAMES_F1, EYES_FRONT_NEUTRAL_FRAMES_F2, EYES_FRONT_NEUTRAL_FRAMES_F3};
const uint8_t EYES_FRONT_NEUTRAL_FRAMES_COUNT = 4;

// --- EYES_FRONT_NEUTRAL2_FRAMES ---
const uint8_t EYES_FRONT_NEUTRAL2_FRAMES_F0[] PROGMEM = {0x60, 0x03, 0x00, 0xE8, 0x0B, 0x80, 0xE4, 0x19, 0x80, 0x38, 0x0E, 0x00};
const uint8_t EYES_FRONT_NEUTRAL2_FRAMES_F1[] PROGMEM = {0x00, 0x00, 0x00, 0xE8, 0x0B, 0x80, 0xE4, 0x19, 0x80, 0x38, 0x0E, 0x00};
const uint8_t EYES_FRONT_NEUTRAL2_FRAMES_F2[] PROGMEM = {0x00, 0x00, 0x00, 0x00, 0x00, 0x00, 0xEC, 0x1B, 0x80, 0x38, 0x0E, 0x00};
const uint8_t EYES_FRONT_NEUTRAL2_FRAMES_F3[] PROGMEM = {0x00, 0x00, 0x00, 0x00, 0x00, 0x00, 0x00, 0x00, 0x00, 0xFC, 0x1F, 0x80};
const uint8_t EYES_FRONT_NEUTRAL2_FRAMES_F4[] PROGMEM = {0x00, 0x00, 0x00, 0x00, 0x00, 0x00, 0xEC, 0x1B, 0x80, 0x38, 0x0E, 0x00};
const uint8_t EYES_FRONT_NEUTRAL2_FRAMES_F5[] PROGMEM = {0x00, 0x00, 0x00, 0xE8, 0x0B, 0x80, 0xE4, 0x19, 0x80, 0x38, 0x0E, 0x00};
const uint8_t *const EYES_FRONT_NEUTRAL2_FRAMES[] PROGMEM = {EYES_FRONT_NEUTRAL2_FRAMES_F0, EYES_FRONT_NEUTRAL2_FRAMES_F1, EYES_FRONT_NEUTRAL2_FRAMES_F2, EYES_FRONT_NEUTRAL2_FRAMES_F3, EYES_FRONT_NEUTRAL2_FRAMES_F4, EYES_FRONT_NEUTRAL2_FRAMES_F5};
const uint8_t EYES_FRONT_NEUTRAL2_FRAMES_COUNT = 6;

// --- EYES_FRONT_SHOCKED_FRAMES ---
const uint8_t EYES_FRONT_SHOCKED_FRAMES_F0[] PROGMEM = {0x20, 0x08, 0x50, 0x14, 0x88};
const uint8_t EYES_FRONT_SHOCKED_FRAMES_F1[] PROGMEM = {0x00, 0x00, 0x20, 0x08, 0x50, 0x14, 0xA8, 0x2A, 0x88};
const uint8_t EYES_FRONT_SHOCKED_FRAMES_F2[] PROGMEM = {0x00, 0x00, 0x00, 0x00, 0x20, 0x08, 0x50, 0x14, 0xA8, 0x2A, 0x50, 0x14, 0x20, 0x08};
const uint8_t EYES_FRONT_SHOCKED_FRAMES_F3[] PROGMEM = {0x00, 0x00, 0x00, 0x00, 0x00, 0x00, 0x20, 0x08, 0xF8, 0x3E, 0x50, 0x14, 0x20, 0x08};
const uint8_t EYES_FRONT_SHOCKED_FRAMES_F4[] PROGMEM = {0x00, 0x00, 0x00, 0x00, 0x00, 0x00, 0x00, 0x00, 0x20, 0x08, 0xF8, 0x3E, 0x20, 0x08};
const uint8_t EYES_FRONT_SHOCKED_FRAMES_F5[] PROGMEM = {0x00, 0x00, 0x00, 0x00, 0x00, 0x00, 0x00, 0x00, 0x00, 0x00, 0x00, 0x00, 0xF8, 0x3E};
const uint8_t EYES_FRONT_SHOCKED_FRAMES_F6[] PROGMEM = {0x00, 0x00, 0x00, 0x00, 0x00, 0x00, 0x00, 0x00, 0x20, 0x08, 0xF8, 0x3E, 0x20, 0x08};
const uint8_t EYES_FRONT_SHOCKED_FRAMES_F7[] PROGMEM = {0x00, 0x00, 0x00, 0x00, 0x20, 0x08, 0x50, 0x14, 0xA8, 0x2A, 0x50, 0x14, 0x20, 0x08};
const uint8_t *const EYES_FRONT_SHOCKED_FRAMES[] PROGMEM = {EYES_FRONT_SHOCKED_FRAMES_F0, EYES_FRONT_SHOCKED_FRAMES_F1, EYES_FRONT_SHOCKED_FRAMES_F2, EYES_FRONT_SHOCKED_FRAMES_F3, EYES_FRONT_SHOCKED_FRAMES_F4, EYES_FRONT_SHOCKED_FRAMES_F5, EYES_FRONT_SHOCKED_FRAMES_F6, EYES_FRONT_SHOCKED_FRAMES_F7};
const uint8_t EYES_FRONT_SHOCKED_FRAMES_COUNT = 8;

// --- EYES_FRONT_YELL_FRAMES ---
const uint8_t EYES_FRONT_YELL_FRAMES_F0[] PROGMEM = {0x00, 0x00, 0x00, 0x00, 0x00, 0x00, 0x00, 0x00, 0x88};
const uint8_t EYES_FRONT_YELL_FRAMES_F1[] PROGMEM = {0x00, 0x00, 0x00, 0x00, 0x00, 0x00, 0x08, 0x20, 0xF0, 0x1E, 0x00, 0x00, 0x00, 0x00, 0x00, 0x00, 0x01, 0x00};
const uint8_t EYES_FRONT_YELL_FRAMES_F2[] PROGMEM = {0x00, 0x00, 0x00, 0x00, 0x70, 0x1C, 0x88};
const uint8_t EYES_FRONT_YELL_FRAMES_F3[] PROGMEM = {0x00, 0x00, 0x01, 0x00, 0x00, 0x00, 0x00, 0x00, 0x01, 0x00, 0x02, 0x80, 0x04, 0x40, 0x00, 0x00, 0x00, 0x00};
const uint8_t EYES_FRONT_YELL_FRAMES_F4[] PROGMEM = {0x01, 0x00, 0x00, 0x00, 0x00, 0x00, 0x01, 0x00, 0x02, 0x80, 0x04, 0x40, 0x04, 0x40, 0x05, 0x40, 0x03, 0x80};
const uint8_t EYES_FRONT_YELL_FRAMES_F5[] PROGMEM = {0x00, 0x00, 0x01, 0x00, 0x00, 0x00, 0x00, 0x00, 0x01, 0x00, 0x02, 0x80, 0x04, 0x40, 0x00, 0x00, 0x00, 0x00};
const uint8_t EYES_FRONT_YELL_FRAMES_F6[] PROGMEM = {0x00, 0x00, 0x00, 0x00, 0x70, 0x1C, 0x88};
const uint8_t EYES_FRONT_YELL_FRAMES_F7[] PROGMEM = {0x00, 0x00, 0x00, 0x00, 0x00, 0x00, 0x08, 0x20, 0xF0, 0x1E, 0x00, 0x00, 0x00, 0x00, 0x00, 0x00, 0x01, 0x00};
const uint8_t *const EYES_FRONT_YELL_FRAMES[] PROGMEM = {EYES_FRONT_YELL_FRAMES_F0, EYES_FRONT_YELL_FRAMES_F1, EYES_FRONT_YELL_FRAMES_F2, EYES_FRONT_YELL_FRAMES_F3, EYES_FRONT_YELL_FRAMES_F4, EYES_FRONT_YELL_FRAMES_F5, EYES_FRONT_YELL_FRAMES_F6, EYES_FRONT_YELL_FRAMES_F7};
const uint8_t EYES_FRONT_YELL_FRAMES_COUNT = 8;

// --- EYES_LICKING_FRAMES ---
const uint8_t EYES_LICKING_FRAMES_F0[] PROGMEM = {0x18, 0x38, 0x24, 0x44, 0x00, 0x00, 0x00, 0x00, 0x00, 0x00, 0x00, 0x00, 0x0F, 0x00, 0x1F, 0x00, 0x1E, 0x00, 0x1E, 0x00, 0x06, 0x00};
const uint8_t EYES_LICKING_FRAMES_F1[] PROGMEM = {0x18, 0x38, 0x24, 0x44, 0x00, 0x00, 0x00, 0x00, 0x00, 0x00, 0x00, 0x00, 0x1E, 0x00, 0x3E, 0x00, 0x3C, 0x00, 0x3C, 0x00, 0x0C, 0x00};
const uint8_t EYES_LICKING_FRAMES_F2[] PROGMEM = {0x18, 0x38, 0x24, 0x44, 0x00, 0x00, 0x00, 0x00, 0x00, 0x00, 0x00, 0x00, 0x3C, 0x00, 0x7C, 0x00, 0x78, 0x00, 0x78, 0x00, 0x30, 0x00};
const uint8_t EYES_LICKING_FRAMES_F3[] PROGMEM = {0x18, 0x38, 0x24, 0x44, 0x00, 0x00, 0x00, 0x00, 0x00, 0x00, 0x00, 0x00, 0x3C, 0x00, 0x7C, 0x00, 0x78, 0x00, 0x78, 0x00, 0x60, 0x00};
const uint8_t EYES_LICKING_FRAMES_F4[] PROGMEM = {0x18, 0x38, 0x24, 0x44, 0x00, 0x00, 0x00, 0x00, 0x00, 0x00, 0x00, 0x00, 0x3C, 0x00, 0x7C, 0x00, 0x78, 0x00, 0xE0, 0x00, 0x00, 0x00};
const uint8_t EYES_LICKING_FRAMES_F5[] PROGMEM = {0x18, 0x38, 0x24, 0x44, 0x00, 0x00, 0x00, 0x00, 0x00, 0x00, 0x00, 0x00, 0x3C, 0x00, 0x7C, 0x00, 0x78, 0x00, 0x00, 0x00, 0x00, 0x00};
const uint8_t EYES_LICKING_FRAMES_F6[] PROGMEM = {0x18, 0x38, 0x24, 0x44, 0x00, 0x00, 0x00, 0x00, 0x00, 0x00, 0x00, 0x00, 0x00, 0x00, 0x1F, 0x00, 0x1E, 0x00, 0x00, 0x00, 0x00, 0x00};
const uint8_t EYES_LICKING_FRAMES_F7[] PROGMEM = {0x18, 0x38, 0x24, 0x44, 0x00, 0x00, 0x00, 0x00, 0x00, 0x00, 0x00, 0x00, 0x0E, 0x00, 0x1F, 0x00, 0x1E, 0x00, 0x0C, 0x00, 0x00, 0x00};
const uint8_t *const EYES_LICKING_FRAMES[] PROGMEM = {EYES_LICKING_FRAMES_F0, EYES_LICKING_FRAMES_F1, EYES_LICKING_FRAMES_F2, EYES_LICKING_FRAMES_F3, EYES_LICKING_FRAMES_F4, EYES_LICKING_FRAMES_F5, EYES_LICKING_FRAMES_F6, EYES_LICKING_FRAMES_F7};
const uint8_t EYES_LICKING_FRAMES_COUNT = 8;

// --- EYES_SHUT_FRAMES ---
const uint8_t EYES_SHUT_FRAMES_F0[] PROGMEM = {0x80, 0x10, 0x70, 0xE0};
const uint8_t *const EYES_SHUT_FRAMES[] PROGMEM = {EYES_SHUT_FRAMES_F0};
const uint8_t EYES_SHUT_FRAMES_COUNT = 1;

// --- EYES_SIDE_ALOOF_FRAMES ---
const uint8_t EYES_SIDE_ALOOF_FRAMES_F0[] PROGMEM = {0x10, 0x10, 0x08, 0x08, 0x28, 0x28, 0xE8, 0x68, 0x10, 0x10};
const uint8_t EYES_SIDE_ALOOF_FRAMES_F1[] PROGMEM = {0x00, 0x00, 0x10, 0x10, 0x08, 0x08, 0xE8, 0x68, 0x10, 0x10};
const uint8_t EYES_SIDE_ALOOF_FRAMES_F2[] PROGMEM = {0x00, 0x00, 0x00, 0x00, 0x10, 0x10, 0xE8, 0x68, 0x10, 0x10};
const uint8_t EYES_SIDE_ALOOF_FRAMES_F3[] PROGMEM = {0x00, 0x00, 0x00, 0x00, 0x00, 0x00, 0xF8, 0x78, 0x10, 0x10};
const uint8_t EYES_SIDE_ALOOF_FRAMES_F4[] PROGMEM = {0x00, 0x00, 0x00, 0x00, 0x10, 0x10, 0xE8, 0x68, 0x10, 0x10};
const uint8_t EYES_SIDE_ALOOF_FRAMES_F5[] PROGMEM = {0x00, 0x00, 0x10, 0x10, 0x08, 0x08, 0xE8, 0x68, 0x10, 0x10};
const uint8_t *const EYES_SIDE_ALOOF_FRAMES[] PROGMEM = {EYES_SIDE_ALOOF_FRAMES_F0, EYES_SIDE_ALOOF_FRAMES_F1, EYES_SIDE_ALOOF_FRAMES_F2, EYES_SIDE_ALOOF_FRAMES_F3, EYES_SIDE_ALOOF_FRAMES_F4, EYES_SIDE_ALOOF_FRAMES_F5};
const uint8_t EYES_SIDE_ALOOF_FRAMES_COUNT = 6;

// --- EYES_SIDE_ANGRY_FRAMES ---
const uint8_t EYES_SIDE_ANGRY_FRAMES_F0[] PROGMEM = {0x20, 0x00, 0x10, 0x40, 0x00, 0x80, 0x40, 0x00, 0x40, 0x20, 0xD0, 0x60, 0x61, 0x78, 0x00, 0xE0};
const uint8_t EYES_SIDE_ANGRY_FRAMES_F1[] PROGMEM = {0x20, 0x00, 0x10, 0x40, 0x00, 0x80, 0x00, 0x00, 0x40, 0x00, 0xD0, 0x20, 0x61, 0x78, 0x00, 0xE0};
const uint8_t EYES_SIDE_ANGRY_FRAMES_F2[] PROGMEM = {0x20, 0x00, 0x10, 0x40, 0x00, 0x80, 0x00, 0x00, 0x00, 0x00, 0xF0, 0x00, 0x61, 0xF8, 0x00, 0xE0};
const uint8_t EYES_SIDE_ANGRY_FRAMES_F3[] PROGMEM = {0x20, 0x00, 0x10, 0x40, 0x00, 0x80, 0x00, 0x00, 0x00, 0x00, 0x00, 0x00, 0xF0, 0x00, 0x01, 0xF8};
const uint8_t EYES_SIDE_ANGRY_FRAMES_F4[] PROGMEM = {0x20, 0x00, 0x10, 0x40, 0x00, 0x80, 0x00, 0x00, 0x00, 0x00, 0xF0, 0x00, 0x61, 0xF8, 0x00, 0xE0};
const uint8_t EYES_SIDE_ANGRY_FRAMES_F5[] PROGMEM = {0x20, 0x00, 0x10, 0x40, 0x00, 0x80, 0x00, 0x00, 0x40, 0x00, 0xD0, 0x20, 0x61, 0x78, 0x00, 0xE0};
const uint8_t *const EYES_SIDE_ANGRY_FRAMES[] PROGMEM = {EYES_SIDE_ANGRY_FRAMES_F0, EYES_SIDE_ANGRY_FRAMES_F1, EYES_SIDE_ANGRY_FRAMES_F2, EYES_SIDE_ANGRY_FRAMES_F3, EYES_SIDE_ANGRY_FRAMES_F4, EYES_SIDE_ANGRY_FRAMES_F5};
const uint8_t EYES_SIDE_ANGRY_FRAMES_COUNT = 6;

// --- EYES_SIDE_ANNOYED_FRAMES ---
const uint8_t EYES_SIDE_ANNOYED_FRAMES_F0[] PROGMEM = {0x40, 0x00, 0xD0, 0x40, 0x61, 0x78, 0x00, 0xE0};
const uint8_t EYES_SIDE_ANNOYED_FRAMES_F1[] PROGMEM = {0x00, 0x00, 0xD0, 0x00, 0x61, 0x78, 0x00, 0xE0};
const uint8_t EYES_SIDE_ANNOYED_FRAMES_F2[] PROGMEM = {0x00, 0x00, 0x00, 0x00, 0xE0, 0x00, 0x01, 0xF0};
const uint8_t EYES_SIDE_ANNOYED_FRAMES_F3[] PROGMEM = {0x00, 0x00, 0xD0, 0x00, 0x61, 0x78, 0x00, 0xE0};
const uint8_t *const EYES_SIDE_ANNOYED_FRAMES[] PROGMEM = {EYES_SIDE_ANNOYED_FRAMES_F0, EYES_SIDE_ANNOYED_FRAMES_F1, EYES_SIDE_ANNOYED_FRAMES_F2, EYES_SIDE_ANNOYED_FRAMES_F3};
const uint8_t EYES_SIDE_ANNOYED_FRAMES_COUNT = 4;

// --- EYES_SIDE_DOWN_FRAMES ---
const uint8_t EYES_SIDE_DOWN_FRAMES_F0[] PROGMEM = {0x70, 0xE0, 0xD1, 0xB8, 0x40, 0x30};
const uint8_t EYES_SIDE_DOWN_FRAMES_F1[] PROGMEM = {0x00, 0x00, 0x70, 0xE0, 0xD1, 0xB8};
const uint8_t EYES_SIDE_DOWN_FRAMES_F2[] PROGMEM = {0x00, 0x00, 0x00, 0x00, 0xF1, 0xF8};
const uint8_t EYES_SIDE_DOWN_FRAMES_F3[] PROGMEM = {0x00, 0x00, 0x70, 0xE0, 0xD1, 0xB8};
const uint8_t *const EYES_SIDE_DOWN_FRAMES[] PROGMEM = {EYES_SIDE_DOWN_FRAMES_F0, EYES_SIDE_DOWN_FRAMES_F1, EYES_SIDE_DOWN_FRAMES_F2, EYES_SIDE_DOWN_FRAMES_F3};
const uint8_t EYES_SIDE_DOWN_FRAMES_COUNT = 4;

// --- EYES_SIDE_HAPPY_FRAMES ---
const uint8_t EYES_SIDE_HAPPY_FRAMES_F0[] PROGMEM = {0x70, 0xF0, 0x89, 0x08};
const uint8_t *const EYES_SIDE_HAPPY_FRAMES[] PROGMEM = {EYES_SIDE_HAPPY_FRAMES_F0};
const uint8_t EYES_SIDE_HAPPY_FRAMES_COUNT = 1;

// --- EYES_SIDE_HUGE_FRAMES ---
const uint8_t EYES_SIDE_HUGE_FRAMES_F0[] PROGMEM = {0x60, 0x00, 0x91, 0xC0, 0x92, 0x20, 0x92, 0x20, 0x92, 0x20, 0x62, 0x20, 0x01, 0xC0};
const uint8_t EYES_SIDE_HUGE_FRAMES_F1[] PROGMEM = {0x00, 0x00, 0x60, 0x00, 0x91, 0xC0, 0x92, 0x20, 0x92, 0x20, 0x62, 0x20, 0x01, 0xC0};
const uint8_t EYES_SIDE_HUGE_FRAMES_F2[] PROGMEM = {0x00, 0x00, 0x00, 0x00, 0x00, 0x00, 0x60, 0x00, 0x91, 0xC0, 0x62, 0x20, 0x01, 0xC0};
const uint8_t EYES_SIDE_HUGE_FRAMES_F3[] PROGMEM = {0x00, 0x00, 0x00, 0x00, 0x00, 0x00, 0x00, 0x00, 0x80, 0x00, 0x70, 0x20, 0x03, 0xC0};
const uint8_t EYES_SIDE_HUGE_FRAMES_F4[] PROGMEM = {0x00, 0x00, 0x00, 0x00, 0x00, 0x00, 0x60, 0x00, 0x91, 0xC0, 0x62, 0x20, 0x01, 0xC0};
const uint8_t *const EYES_SIDE_HUGE_FRAMES[] PROGMEM = {EYES_SIDE_HUGE_FRAMES_F0, EYES_SIDE_HUGE_FRAMES_F1, EYES_SIDE_HUGE_FRAMES_F2, EYES_SIDE_HUGE_FRAMES_F3, EYES_SIDE_HUGE_FRAMES_F4};
const uint8_t EYES_SIDE_HUGE_FRAMES_COUNT = 5;

// --- EYES_SIDE_NEUTRAL_FRAMES ---
const uint8_t EYES_SIDE_NEUTRAL_FRAMES_F0[] PROGMEM = {0x50, 0xA0, 0xD1, 0xB8, 0x60, 0x70};
const uint8_t EYES_SIDE_NEUTRAL_FRAMES_F1[] PROGMEM = {0x00, 0x00, 0xD1, 0xB8, 0x60, 0x70};
const uint8_t EYES_SIDE_NEUTRAL_FRAMES_F2[] PROGMEM = {0x00, 0x00, 0x00, 0x00, 0xF1, 0xF8};
const uint8_t EYES_SIDE_NEUTRAL_FRAMES_F3[] PROGMEM = {0x00, 0x00, 0xD1, 0xB8, 0x60, 0x70};
const uint8_t *const EYES_SIDE_NEUTRAL_FRAMES[] PROGMEM = {EYES_SIDE_NEUTRAL_FRAMES_F0, EYES_SIDE_NEUTRAL_FRAMES_F1, EYES_SIDE_NEUTRAL_FRAMES_F2, EYES_SIDE_NEUTRAL_FRAMES_F3};
const uint8_t EYES_SIDE_NEUTRAL_FRAMES_COUNT = 4;

// --- HEAD_BACKSIDE_NEUTRAL_FRAMES ---
const uint8_t HEAD_BACKSIDE_NEUTRAL_FRAMES_F0[] PROGMEM = {0x00, 0x80, 0x80, 0x00, 0x00, 0xC0, 0xC0, 0x00, 0x00, 0xA0, 0xA0, 0x00, 0x00, 0x90, 0x90, 0x00, 0x00, 0x88, 0x88, 0x00, 0x00, 0x84, 0x84, 0x00, 0x00, 0x83, 0xE2, 0x00, 0x00, 0x81, 0x12, 0x00, 0x01, 0x00, 0x81, 0x00, 0x02, 0x00, 0x01, 0x00, 0x04, 0x00, 0x01, 0x00, 0x04, 0x00, 0x00, 0x80, 0x08, 0x00, 0x00, 0x80, 0x08, 0x00, 0x00, 0x80, 0x08, 0x00, 0x00, 0x80, 0x08, 0x00, 0x00, 0x80, 0x10, 0x00, 0x00, 0x80, 0xE0, 0x00, 0x01, 0x00, 0x20, 0x00, 0x01, 0x00, 0xE0, 0x00, 0x01, 0x00, 0x10, 0x00, 0x02, 0x00, 0x08, 0x00, 0x00, 0x00, 0x06, 0x00, 0x00, 0x00, 0x01, 0xF0, 0x00, 0x00};
const uint8_t *const HEAD_BACKSIDE_NEUTRAL_FRAMES[] PROGMEM = {HEAD_BACKSIDE_NEUTRAL_FRAMES_F0};
const uint8_t HEAD_BACKSIDE_NEUTRAL_FRAMES_COUNT = 1;

// --- HEAD_BACKSIDE_NEUTRAL_FILL_FRAMES ---
const uint8_t HEAD_BACKSIDE_NEUTRAL_FILL_FRAMES_F0[] PROGMEM = {0x00, 0x80, 0x80, 0x00, 0x00, 0xC0, 0xC0, 0x00, 0x00, 0xE0, 0xE0, 0x00, 0x00, 0xF0, 0xF0, 0x00, 0x00, 0xF8, 0xF8, 0x00, 0x00, 0xFC, 0xFC, 0x00, 0x00, 0xFF, 0xFE, 0x00, 0x00, 0xFF, 0xFE, 0x00, 0x01, 0xFF, 0xFF, 0x00, 0x03, 0xFF, 0xFF, 0x00, 0x07, 0xFF, 0xFF, 0x00, 0x07, 0xFF, 0xFF, 0x80, 0x0F, 0xFF, 0xFF, 0x80, 0x0F, 0xFF, 0xFF, 0x80, 0x0F, 0xFF, 0xFF, 0x80, 0x0F, 0xFF, 0xFF, 0x80, 0x1F, 0xFF, 0xFF, 0x80, 0xFF, 0xFF, 0xFF, 0x00, 0x3F, 0xFF, 0xFF, 0x00, 0xFF, 0xFF, 0xFF, 0x00, 0x1F, 0xFF, 0xFE, 0x00, 0x0F, 0xFF, 0xF8, 0x00, 0x07, 0xFF, 0x80, 0x00, 0x01, 0xF8, 0x00, 0x00};
const uint8_t *const HEAD_BACKSIDE_NEUTRAL_FILL_FRAMES[] PROGMEM = {HEAD_BACKSIDE_NEUTRAL_FILL_FRAMES_F0};
const uint8_t HEAD_BACKSIDE_NEUTRAL_FILL_FRAMES_COUNT = 1;

// --- HEAD_BACK_NEUTRAL_FRAMES ---
const uint8_t HEAD_BACK_NEUTRAL_FRAMES_F0[] PROGMEM = {0x20, 0x00, 0x00, 0x80, 0x50, 0x00, 0x01, 0x40, 0x48, 0x00, 0x02, 0x40, 0x44, 0x00, 0x04, 0x40, 0x42, 0x00, 0x08, 0x40, 0x41, 0x00, 0x10, 0x40, 0x40, 0xFF, 0xE0, 0x40, 0x41, 0x00, 0x10, 0x40, 0x42, 0x00, 0x08, 0x40, 0x40, 0x00, 0x00, 0x40, 0x40, 0x00, 0x00, 0x40, 0x40, 0x00, 0x00, 0x40, 0x40, 0x00, 0x00, 0x40, 0x40, 0x00, 0x00, 0x40, 0x40, 0x00, 0x00, 0x40, 0x40, 0x00, 0x00, 0x40, 0x20, 0x00, 0x00, 0x80, 0x20, 0x00, 0x00, 0x80, 0x20, 0x00, 0x00, 0x80, 0x20, 0x00, 0x00, 0x80, 0xF0, 0x00, 0x01, 0xE0, 0x08, 0x00, 0x02, 0x00, 0x7C, 0x00, 0x07, 0xC0, 0x03, 0xC0, 0x78, 0x00};
const uint8_t *const HEAD_BACK_NEUTRAL_FRAMES[] PROGMEM = {HEAD_BACK_NEUTRAL_FRAMES_F0};
const uint8_t HEAD_BACK_NEUTRAL_FRAMES_COUNT = 1;

// --- HEAD_BACK_NEUTRAL_FILL_FRAMES ---
const uint8_t HEAD_BACK_NEUTRAL_FILL_FRAMES_F0[] PROGMEM = {0x20, 0x00, 0x00, 0x80, 0x70, 0x00, 0x01, 0xC0, 0x78, 0x00, 0x03, 0xC0, 0x7C, 0x00, 0x07, 0xC0, 0x7E, 0x00, 0x0F, 0xC0, 0x7F, 0x00, 0x1F, 0xC0, 0x7F, 0xFF, 0xFF, 0xC0, 0x7F, 0xFF, 0xFF, 0xC0, 0x7F, 0xFF, 0xFF, 0xC0, 0x7F, 0xFF, 0xFF, 0xC0, 0x7F, 0xFF, 0xFF, 0xC0, 0x7F, 0xFF, 0xFF, 0xC0, 0x7F, 0xFF, 0xFF, 0xC0, 0x7F, 0xFF, 0xFF, 0xC0, 0x7F, 0xFF, 0xFF, 0xC0, 0x7F, 0xFF, 0xFF, 0xC0, 0x3F, 0xFF, 0xFF, 0x80, 0x3F, 0xFF, 0xFF, 0x80, 0x3F, 0xFF, 0xFF, 0x80, 0x3F, 0xFF, 0xFF, 0x80, 0xFF, 0xFF, 0xFF, 0xE0, 0x0F, 0xFF, 0xFE, 0x00, 0x7F, 0xFF, 0xFF, 0xC0, 0x03, 0xFF, 0xF8, 0x00};
const uint8_t *const HEAD_BACK_NEUTRAL_FILL_FRAMES[] PROGMEM = {HEAD_BACK_NEUTRAL_FILL_FRAMES_F0};
const uint8_t HEAD_BACK_NEUTRAL_FILL_FRAMES_COUNT = 1;

// --- HEAD_FRONT_NEUTRAL_FRAMES ---
const uint8_t HEAD_FRONT_NEUTRAL_FRAMES_F0[] PROGMEM = {0x40, 0x00, 0x01, 0x00, 0xA0, 0x00, 0x02, 0x80, 0x90, 0x00, 0x04, 0x80, 0x88, 0x00, 0x08, 0x80, 0xA4, 0x00, 0x12, 0x80, 0xA2, 0x00};
const uint8_t *const HEAD_FRONT_NEUTRAL_FRAMES[] PROGMEM = {HEAD_FRONT_NEUTRAL_FRAMES_F0};
const uint8_t HEAD_FRONT_NEUTRAL_FRAMES_COUNT = 1;

// --- HEAD_FRONT_NEUTRAL_FILL_FRAMES ---
const uint8_t HEAD_FRONT_NEUTRAL_FILL_FRAMES_F0[] PROGMEM = {0x40, 0x00, 0x01, 0x00, 0xE0, 0x00, 0x03, 0x80, 0xF0, 0x00, 0x07, 0x80, 0xF8, 0x00, 0x0F, 0x80, 0xFC, 0x00, 0x1F, 0x80, 0xFE, 0x00, 0x3F, 0x80, 0xFF, 0xFF, 0xFF, 0x80, 0xFF, 0xFF, 0xFF, 0x80, 0xFF, 0xFF, 0xFF, 0x80, 0xFF, 0xFF, 0xFF, 0x80, 0xFF, 0xFF, 0xFF, 0x80, 0xFF, 0xFF, 0xFF, 0x80, 0xFF, 0xFF, 0xFF, 0x80, 0xFF, 0xFF, 0xFF, 0x80, 0xFF, 0xFF, 0xFF, 0x80, 0xFF, 0xFF, 0xFF, 0x80, 0x7F, 0xFF, 0xFF, 0x00, 0x7F, 0xFF, 0xFF, 0x00, 0x7F, 0xFF, 0xFF, 0x00, 0x7F, 0xFF, 0xFF, 0x00, 0xFF, 0xFF, 0xFF, 0x80, 0x1F, 0xFF, 0xFC, 0x00, 0x7F, 0xFF, 0xFF, 0x00, 0x07, 0xFF, 0xF0, 0x00};
const uint8_t *const HEAD_FRONT_NEUTRAL_FILL_FRAMES[] PROGMEM = {HEAD_FRONT_NEUTRAL_FILL_FRAMES_F0};
const uint8_t HEAD_FRONT_NEUTRAL_FILL_FRAMES_COUNT = 1;

// --- HEAD_FRONT_SHOCKED_FRAMES ---
const uint8_t HEAD_FRONT_SHOCKED_FRAMES_F0[] PROGMEM = {0x10, 0x00, 0x01, 0x00, 0x28, 0x00, 0x02, 0x80, 0x24, 0x00, 0x04, 0x80};
const uint8_t *const HEAD_FRONT_SHOCKED_FRAMES[] PROGMEM = {HEAD_FRONT_SHOCKED_FRAMES_F0};
const uint8_t HEAD_FRONT_SHOCKED_FRAMES_COUNT = 1;

// --- HEAD_FRONT_SHOCKED_FILL_FRAMES ---
const uint8_t HEAD_FRONT_SHOCKED_FILL_FRAMES_F0[] PROGMEM = {0x10, 0x00, 0x01, 0x00, 0x38, 0x00, 0x03, 0x80, 0x3C, 0x00, 0x07, 0x80, 0x3E, 0x00, 0x0F, 0x80, 0x3F, 0x00, 0x1F, 0x80, 0x3F, 0x80, 0x3F, 0x80, 0x3F, 0xC0, 0x7F, 0x80, 0x3F, 0xFF, 0xFF, 0x80, 0x3F, 0xFF, 0xFF, 0x80, 0x3F, 0xFF, 0xFF, 0x80, 0x3F, 0xFF, 0xFF, 0x80, 0x3F, 0xFF, 0xFF, 0x80, 0x1F, 0xFF, 0xFF, 0x00, 0x1F, 0xFF, 0xFF, 0x00, 0x1F, 0xFF, 0xFF, 0x00, 0x1F, 0xFF, 0xFF, 0x00, 0x1F, 0xFF, 0xFF, 0x00, 0x1F, 0xFF, 0xFF, 0x00, 0x1F, 0xFF, 0xFF, 0x00, 0x9F, 0xFF, 0xFF, 0x20, 0x7F, 0xFF, 0xFF, 0xC0, 0x1F, 0xFF, 0xFF, 0x00, 0x07, 0xFF, 0xFC, 0x00, 0x1F, 0xFF, 0xFF, 0x00, 0x61, 0xFF, 0xF0, 0xC0};
const uint8_t *const HEAD_FRONT_SHOCKED_FILL_FRAMES[] PROGMEM = {HEAD_FRONT_SHOCKED_FILL_FRAMES_F0};
const uint8_t HEAD_FRONT_SHOCKED_FILL_FRAMES_COUNT = 1;

// --- HEAD_FRONT_SQUAT_FRAMES ---
const uint8_t HEAD_FRONT_SQUAT_FRAMES_F0[] PROGMEM = {0x30, 0x00, 0x00, 0x18, 0x4C, 0x00, 0x00, 0x64, 0x43, 0x00, 0x01, 0x84, 0x40, 0xCF, 0xE6, 0x04, 0x24, 0x30, 0x18, 0x48};
const uint8_t *const HEAD_FRONT_SQUAT_FRAMES[] PROGMEM = {HEAD_FRONT_SQUAT_FRAMES_F0};
const uint8_t HEAD_FRONT_SQUAT_FRAMES_COUNT = 1;

// --- HEAD_FRONT_SQUAT_FILL_FRAMES ---
const uint8_t HEAD_FRONT_SQUAT_FILL_FRAMES_F0[] PROGMEM = {0x30, 0x00, 0x00, 0x18, 0x7C, 0x00, 0x00, 0x7C, 0x7F, 0x00, 0x01, 0xFC, 0x7F, 0xCF, 0xE7, 0xFC, 0x3F, 0xFF, 0xFF, 0xF8, 0x3F, 0xFF, 0xFF, 0xF8, 0x3F, 0xFF, 0xFF, 0xF8, 0x3F, 0xFF, 0xFF, 0xF8, 0x1F, 0xFF, 0xFF, 0xF0, 0x1F, 0xFF, 0xFF, 0xF0, 0x1F, 0xFF, 0xFF, 0xF0, 0x1F, 0xFF, 0xFF, 0xF0, 0x1F, 0xFF, 0xFF, 0xF0, 0x0F, 0xFF, 0xFF, 0xE0, 0x3F, 0xFF, 0xFF, 0xF8, 0xCF, 0xFF, 0xFF, 0xE6, 0x0F, 0xFF, 0xFF, 0xE0, 0x17, 0xFF, 0xFF, 0xD0, 0x63, 0xFF, 0xFF, 0x8C, 0x01, 0xFF, 0xFF, 0x00, 0x00, 0xFF, 0xFE, 0x00};
const uint8_t *const HEAD_FRONT_SQUAT_FILL_FRAMES[] PROGMEM = {HEAD_FRONT_SQUAT_FILL_FRAMES_F0};
const uint8_t HEAD_FRONT_SQUAT_FILL_FRAMES_COUNT = 1;

// --- HEAD_LAYING_SIDE_FLOP_FRAMES ---
const uint8_t HEAD_LAYING_SIDE_FLOP_FRAMES_F0[] PROGMEM = {0x00, 0x00, 0x24, 0x00, 0x7F, 0x48, 0x07, 0x80, 0xF0, 0x18, 0x00, 0x10, 0x63, 0x00, 0x08, 0x84, 0x00, 0x04, 0x40, 0x08, 0x02, 0x30, 0x08, 0x02, 0x0C, 0x10, 0x00, 0x02, 0x10, 0x00, 0x01, 0x00, 0x00, 0x01, 0x00, 0x00, 0x01, 0x00, 0x00, 0x01, 0x00, 0x00, 0x01, 0x10, 0x00, 0x01, 0x10, 0x00, 0x06, 0x08, 0x00, 0x18, 0x08, 0x00, 0x21, 0x00, 0x02, 0x46, 0x00, 0x0C, 0x80, 0x00, 0x70, 0xFF, 0xFF, 0x80};
const uint8_t *const HEAD_LAYING_SIDE_FLOP_FRAMES[] PROGMEM = {HEAD_LAYING_SIDE_FLOP_FRAMES_F0};
const uint8_t HEAD_LAYING_SIDE_FLOP_FRAMES_COUNT = 1;

// --- HEAD_LAYING_SIDE_FLOP_FILL_FRAMES ---
const uint8_t HEAD_LAYING_SIDE_FLOP_FILL_FRAMES_F0[] PROGMEM = {0x00, 0x00, 0x24, 0x00, 0x7F, 0x48, 0x07, 0xFF, 0xF0, 0x1F, 0xFF, 0xF0, 0x7F, 0xFF, 0xF8, 0xFF, 0xFF, 0xFC, 0x7F, 0xFF, 0xFE, 0x3F, 0xFF, 0xFE, 0x0F, 0xFF, 0xFE, 0x03, 0xFF, 0xFE, 0x01, 0xFF, 0xFE, 0x01, 0xFF, 0xFE, 0x01, 0xFF, 0xFE, 0x01, 0xFF, 0xFE, 0x01, 0xFF, 0xFE, 0x01, 0xFF, 0xFE, 0x07, 0xFF, 0xFE, 0x1F, 0xFF, 0xFE, 0x3F, 0xFF, 0xFE, 0x7F, 0xFF, 0xFC, 0xFF, 0xFF, 0xF0, 0xFF, 0xFF, 0x80};
const uint8_t *const HEAD_LAYING_SIDE_FLOP_FILL_FRAMES[] PROGMEM = {HEAD_LAYING_SIDE_FLOP_FILL_FRAMES_F0};
const uint8_t HEAD_LAYING_SIDE_FLOP_FILL_FRAMES_COUNT = 1;

// --- HEAD_SIDE_AIRPLANE_FRAMES ---
const uint8_t HEAD_SIDE_AIRPLANE_FRAMES_F0[] PROGMEM = {0x00, 0x00, 0x60, 0x00, 0x00, 0x03, 0xA0, 0x7C, 0x00, 0x1C, 0x4F, 0x84, 0x00, 0x60, 0x70, 0x08, 0x00, 0x80, 0x00, 0x88, 0x01, 0x00, 0x07, 0x10, 0x02, 0x00, 0x08, 0x10, 0x04, 0x00, 0x04, 0x20, 0x04, 0x00, 0x00, 0x20, 0x08, 0x00, 0x00, 0x40, 0x08, 0x00, 0x00, 0x40, 0x08, 0x00, 0x00, 0x80, 0x08, 0x00, 0x00, 0x40, 0x10, 0x00, 0x00, 0x20, 0x20, 0x00, 0x00, 0x20, 0x20, 0x00, 0x00, 0x10, 0xE0, 0x00, 0x00, 0x10, 0x10, 0x00, 0x00, 0x00, 0x78, 0x00, 0x00, 0x00, 0x06, 0x01, 0xE0, 0x00, 0x03, 0xFE, 0x00, 0x00};
const uint8_t *const HEAD_SIDE_AIRPLANE_FRAMES[] PROGMEM = {HEAD_SIDE_AIRPLANE_FRAMES_F0};
const uint8_t HEAD_SIDE_AIRPLANE_FRAMES_COUNT = 1;

// --- HEAD_SIDE_AIRPLANE_FILL_FRAMES ---
const uint8_t HEAD_SIDE_AIRPLANE_FILL_FRAMES_F0[] PROGMEM = {0x00, 0x00, 0x60, 0x00, 0x00, 0x03, 0xE0, 0x7C, 0x00, 0x1F, 0xCF, 0xFC, 0x00, 0x7F, 0xFF, 0xF8, 0x00, 0xFF, 0xFF, 0xF8, 0x01, 0xFF, 0xFF, 0xF0, 0x03, 0xFF, 0xFF, 0xF0, 0x07, 0xFF, 0xFF, 0xE0, 0x07, 0xFF, 0xFF, 0xE0, 0x0F, 0xFF, 0xFF, 0xC0, 0x0F, 0xFF, 0xFF, 0xC0, 0x0F, 0xFF, 0xFF, 0x80, 0x0F, 0xFF, 0xFF, 0xC0, 0x1F, 0xFF, 0xFF, 0xE0, 0x3F, 0xFF, 0xFF, 0xE0, 0x3F, 0xFF, 0xFF, 0xF0, 0xFF, 0xFF, 0xFF, 0xE0, 0x1F, 0xFF, 0xFF, 0x00, 0x7F, 0xFF, 0xF8, 0x00, 0x07, 0xFF, 0xE0, 0x00, 0x03, 0xFE, 0x00, 0x00};
const uint8_t *const HEAD_SIDE_AIRPLANE_FILL_FRAMES[] PROGMEM = {HEAD_SIDE_AIRPLANE_FILL_FRAMES_F0};
const uint8_t HEAD_SIDE_AIRPLANE_FILL_FRAMES_COUNT = 1;

// --- HEAD_SIDE_AIRPLANE2_FRAMES ---
const uint8_t HEAD_SIDE_AIRPLANE2_FRAMES_F0[] PROGMEM = {0x00, 0x00, 0x60, 0x00, 0x00, 0x03, 0xA0, 0x7C, 0x00, 0x1C, 0x4F, 0x84, 0x00, 0x60, 0x70, 0x08, 0x00, 0x80, 0x00, 0x88, 0x01, 0x00, 0x07, 0x10, 0x02, 0x00, 0x08, 0x10, 0x04, 0x00, 0x04, 0x20, 0x04, 0x00, 0x00, 0x20, 0x08, 0x00, 0x00, 0x40, 0x08, 0x00, 0x00, 0x40, 0x08, 0x00, 0x00, 0x40, 0x08, 0x00, 0x00, 0x38, 0x10, 0x00, 0x00, 0x00, 0x20, 0x00, 0x00, 0x00, 0x20, 0x00, 0x00, 0x00, 0xE0, 0x00, 0x00, 0x00, 0x10, 0x00, 0x00, 0x00, 0x78, 0x00, 0x00, 0x00, 0x06, 0x01, 0xFC, 0x00, 0x03, 0xFE, 0x00, 0x00};
const uint8_t *const HEAD_SIDE_AIRPLANE2_FRAMES[] PROGMEM = {HEAD_SIDE_AIRPLANE2_FRAMES_F0};
const uint8_t HEAD_SIDE_AIRPLANE2_FRAMES_COUNT = 1;

// --- HEAD_SIDE_AIRPLANE2_FILL_FRAMES ---
const uint8_t HEAD_SIDE_AIRPLANE2_FILL_FRAMES_F0[] PROGMEM = {0x00, 0x00, 0x60, 0x00, 0x00, 0x03, 0xA0, 0x7C, 0x00, 0x1F, 0xCF, 0xFC, 0x00, 0x7F, 0xFF, 0xF8, 0x00, 0xFF, 0xFF, 0xF8, 0x01, 0xFF, 0xFF, 0xF0, 0x03, 0xFF, 0xFF, 0xF0, 0x07, 0xFF, 0xFF, 0xE0, 0x07, 0xFF, 0xFF, 0xE0, 0x0F, 0xFF, 0xFF, 0xC0, 0x0F, 0xFF, 0xFF, 0xC0, 0x0F, 0xFF, 0xFF, 0xC0, 0x0F, 0xFF, 0xFF, 0xF8, 0x1F, 0xFF, 0xFF, 0xF0, 0x3F, 0xFF, 0xFF, 0xE0, 0x3F, 0xFF, 0xFF, 0xC0, 0xFF, 0xFF, 0xFF, 0x80, 0x1F, 0xFF, 0xFF, 0x00, 0x7F, 0xFF, 0xFE, 0x00, 0x07, 0xFF, 0xFC, 0x00, 0x03, 0xFE, 0x00, 0x00};
const uint8_t *const HEAD_SIDE_AIRPLANE2_FILL_FRAMES[] PROGMEM = {HEAD_SIDE_AIRPLANE2_FILL_FRAMES_F0};
const uint8_t HEAD_SIDE_AIRPLANE2_FILL_FRAMES_COUNT = 1;

// --- HEAD_SIDE_NEUTRAL_FRAMES ---
const uint8_t HEAD_SIDE_NEUTRAL_FRAMES_F0[] PROGMEM = {0x02, 0x02, 0x00, 0x03, 0x03, 0x00, 0x02, 0x82, 0x80, 0x02, 0x42, 0x40, 0x02, 0x24, 0x20, 0x02, 0x18, 0x10, 0x02, 0x00, 0x10, 0x02, 0x00, 0x10, 0x02, 0x00, 0x10, 0x02, 0x00, 0x10, 0x02, 0x00, 0x10, 0x02, 0x00, 0x10, 0x02, 0x00, 0x10, 0x02, 0x00, 0x10, 0x02, 0x00, 0x10, 0x02, 0x00, 0x10, 0x02, 0x00, 0x10, 0x02, 0x00, 0x10, 0x02, 0x00, 0x10, 0x02, 0x00, 0x10, 0x02, 0x00, 0x10, 0x02, 0x00, 0x10, 0x02, 0x00, 0x10, 0x01, 0x00, 0x20};
const uint8_t *const HEAD_SIDE_NEUTRAL_FRAMES[] PROGMEM = {HEAD_SIDE_NEUTRAL_FRAMES_F0};
const uint8_t HEAD_SIDE_NEUTRAL_FRAMES_COUNT = 1;

// --- HEAD_SIDE_NEUTRAL_FILL_FRAMES ---
const uint8_t HEAD_SIDE_NEUTRAL_FILL_FRAMES_F0[] PROGMEM = {0x02, 0x02, 0x00, 0x03, 0x03, 0x00, 0x03, 0x83, 0x80, 0x03, 0xC3, 0xC0, 0x03, 0xE3, 0xE0, 0x03, 0xF3, 0xF0, 0x03, 0xFF, 0xF8, 0x03, 0xFF, 0xF8, 0x07, 0xFF, 0xFC, 0x0F, 0xFF, 0xFC, 0x1F, 0xFF, 0xFC, 0x1F, 0xFF, 0xFE, 0x3F, 0xFF, 0xFE, 0x3F, 0xFF, 0xFE, 0x3F, 0xFF, 0xFE, 0x3F, 0xFF, 0xFE, 0x7F, 0xFF, 0xFE, 0xFF, 0xFF, 0xFC, 0xFF, 0xFF, 0xFC, 0xFF, 0xFF, 0xFC, 0x7F, 0xFF, 0xF8, 0x3F, 0xFF, 0xF8, 0x1F, 0xFF, 0xF0, 0x07, 0x80, 0x00};
const uint8_t *const HEAD_SIDE_NEUTRAL_FILL_FRAMES[] PROGMEM = {HEAD_SIDE_NEUTRAL_FILL_FRAMES_F0};
const uint8_t HEAD_SIDE_NEUTRAL_FILL_FRAMES_COUNT = 1;

// --- HEAD_SIDE_NEUTRAL2_FRAMES ---
const uint8_t HEAD_SIDE_NEUTRAL2_FRAMES_F0[] PROGMEM = {0x00, 0x40, 0x00, 0x00, 0x00, 0x60, 0x00, 0x00, 0x00, 0x50, 0x00, 0x00, 0x00, 0x48, 0x00, 0x00, 0x00, 0x84, 0x00, 0x7C, 0x00, 0x82, 0x0F, 0x84, 0x00, 0x81, 0xF0, 0x08, 0x00, 0x80, 0x00, 0x08, 0x01, 0x00, 0x01, 0x90, 0x02, 0x00, 0x0E, 0x10, 0x04, 0x00, 0x10, 0x20, 0x04, 0x00, 0x08, 0x20, 0x08, 0x00, 0x00, 0x40, 0x08, 0x00, 0x00, 0x40, 0x08, 0x00, 0x00, 0x80, 0x08, 0x00, 0x00, 0x80, 0x10, 0x00, 0x00, 0x80, 0x20, 0x00, 0x00, 0x80, 0xE0, 0x00, 0x00, 0x80, 0x20, 0x00, 0x01, 0x00, 0x70, 0x00, 0x02, 0x00, 0x08, 0x00, 0x02, 0x00, 0x06, 0x00, 0x01, 0x00, 0x03, 0xF8, 0x00, 0x00};
const uint8_t *const HEAD_SIDE_NEUTRAL2_FRAMES[] PROGMEM = {HEAD_SIDE_NEUTRAL2_FRAMES_F0};
const uint8_t HEAD_SIDE_NEUTRAL2_FRAMES_COUNT = 1;

// --- HEAD_SIDE_NEUTRAL2_FILL_FRAMES ---
const uint8_t HEAD_SIDE_NEUTRAL2_FILL_FRAMES_F0[] PROGMEM = {0x00, 0x40, 0x00, 0x00, 0x00, 0x60, 0x00, 0x00, 0x00, 0x70, 0x00, 0x00, 0x00, 0x78, 0x00, 0x00, 0x00, 0xFC, 0x00, 0x7C, 0x00, 0xFE, 0x0F, 0xFC, 0x00, 0xFF, 0xFF, 0xF8, 0x00, 0xFF, 0xFF, 0xF8, 0x01, 0xFF, 0xFF, 0xF0, 0x03, 0xFF, 0xFF, 0xF0, 0x07, 0xFF, 0xFF, 0xE0, 0x07, 0xFF, 0xFF, 0xE0, 0x0F, 0xFF, 0xFF, 0xC0, 0x0F, 0xFF, 0xFF, 0xC0, 0x0F, 0xFF, 0xFF, 0x80, 0x0F, 0xFF, 0xFF, 0x80, 0x1F, 0xFF, 0xFF, 0x80, 0x3F, 0xFF, 0xFF, 0x80, 0xFF, 0xFF, 0xFF, 0x80, 0x3F, 0xFF, 0xFF, 0x00, 0x7F, 0xFF, 0xFE, 0x00, 0x0F, 0xFF, 0xFE, 0x00, 0x07, 0xFF, 0xFF, 0x00, 0x03, 0xF8, 0x00, 0x00};
const uint8_t *const HEAD_SIDE_NEUTRAL2_FILL_FRAMES[] PROGMEM = {HEAD_SIDE_NEUTRAL2_FILL_FRAMES_F0};
const uint8_t HEAD_SIDE_NEUTRAL2_FILL_FRAMES_COUNT = 1;

// --- HEAD_SIDE_NOM_FRAMES ---
const uint8_t HEAD_SIDE_NOM_FRAMES_F0[] PROGMEM = {0x00, 0x40, 0x00, 0x00, 0x00, 0x60, 0x00, 0x00, 0x00, 0x50, 0x00, 0x00, 0x00, 0x48, 0x00, 0x00, 0x00, 0x84, 0x00, 0x7C, 0x00, 0x82, 0x0F, 0x84, 0x00, 0x81, 0xF0, 0x08, 0x00, 0x80, 0x00, 0x08, 0x01, 0x00, 0x01, 0x90, 0x02, 0x00, 0x0E, 0x10, 0x04, 0x00, 0x10, 0x20, 0x04, 0x00, 0x08, 0x20, 0x08, 0x00, 0x00, 0x40, 0x08, 0x00, 0x00, 0x40, 0x08, 0x00, 0x00, 0x80, 0x08, 0x00, 0x00, 0x80, 0x10, 0x00, 0x00, 0x80, 0x20, 0x00, 0x00, 0x80, 0xE0, 0x00, 0x00, 0x80, 0x20, 0x00, 0x01, 0x00, 0x70, 0x00, 0x02, 0x00, 0x08, 0x00, 0x02, 0x00, 0x06, 0x00, 0x01, 0x00, 0x01, 0xF8, 0x00, 0x00};
const uint8_t HEAD_SIDE_NOM_FRAMES_F1[] PROGMEM = {0x00, 0x40, 0x00, 0x00, 0x00, 0x60, 0x00, 0x00, 0x00, 0x50, 0x00, 0x00, 0x00, 0x48, 0x00, 0x00, 0x00, 0x84, 0x00, 0x7C, 0x00, 0x82, 0x0F, 0x84, 0x00, 0x81, 0xF0, 0x08, 0x00, 0x80, 0x00, 0x08, 0x01, 0x00, 0x01, 0x90, 0x02, 0x00, 0x0E, 0x10, 0x04, 0x00, 0x10, 0x20, 0x04, 0x00, 0x08, 0x20, 0x08, 0x00, 0x00, 0x40, 0x08, 0x00, 0x00, 0x40, 0x08, 0x00, 0x00, 0x80, 0x08, 0x00, 0x00, 0x80, 0x10, 0x00, 0x00, 0x80, 0x20, 0x00, 0x00, 0x80, 0xE0, 0x00, 0x00, 0x80, 0x20, 0x00, 0x01, 0x00, 0x73, 0x00, 0x02, 0x00, 0x0C, 0x80, 0x02, 0x00, 0x00, 0x80, 0x01, 0x00, 0x01, 0xF8, 0x00, 0x00};
const uint8_t *const HEAD_SIDE_NOM_FRAMES[] PROGMEM = {HEAD_SIDE_NOM_FRAMES_F0, HEAD_SIDE_NOM_FRAMES_F1};
const uint8_t HEAD_SIDE_NOM_FRAMES_COUNT = 2;

// --- HEAD_SIDE_NOM_FILL_FRAMES ---
const uint8_t HEAD_SIDE_NOM_FILL_FRAMES_F0[] PROGMEM = {0x00, 0x40, 0x00, 0x00, 0x00, 0x60, 0x00, 0x00, 0x00, 0x70, 0x00, 0x00, 0x00, 0x78, 0x00, 0x00, 0x00, 0xFC, 0x00, 0x7C, 0x00, 0xFE, 0x0F, 0xFC, 0x00, 0xFF, 0xFF, 0xF8, 0x00, 0xFF, 0xFF, 0xF8, 0x01, 0xFF, 0xFF, 0xF0, 0x03, 0xFF, 0xFF, 0xF0, 0x07, 0xFF, 0xFF, 0xE0, 0x07, 0xFF, 0xFF, 0xE0, 0x0F, 0xFF, 0xFF, 0xC0, 0x0F, 0xFF, 0xFF, 0xC0, 0x0F, 0xFF, 0xFF, 0x80, 0x0F, 0xFF, 0xFF, 0x80, 0x1F, 0xFF, 0xFF, 0x80, 0x3F, 0xFF, 0xFF, 0x80, 0xFF, 0xFF, 0xFF, 0x80, 0x3F, 0xFF, 0xFF, 0x00, 0x7F, 0xFF, 0xFE, 0x00, 0x0F, 0xFF, 0xFE, 0x00, 0x07, 0xFF, 0xFF, 0x00, 0x03, 0xF8, 0x00, 0x00};
const uint8_t HEAD_SIDE_NOM_FILL_FRAMES_F1[] PROGMEM = {0x00, 0x40, 0x00, 0x00, 0x00, 0x60, 0x00, 0x00, 0x00, 0x70, 0x00, 0x00, 0x00, 0x78, 0x00, 0x00, 0x00, 0xFC, 0x00, 0x7C, 0x00, 0xFE, 0x0F, 0xFC, 0x00, 0xFF, 0xFF, 0xF8, 0x00, 0xFF, 0xFF, 0xF8, 0x01, 0xFF, 0xFF, 0xF0, 0x03, 0xFF, 0xFF, 0xF0, 0x07, 0xFF, 0xFF, 0xE0, 0x07, 0xFF, 0xFF, 0xE0, 0x0F, 0xFF, 0xFF, 0xC0, 0x0F, 0xFF, 0xFF, 0xC0, 0x0F, 0xFF, 0xFF, 0x80, 0x0F, 0xFF, 0xFF, 0x80, 0x1F, 0xFF, 0xFF, 0x80, 0x3F, 0xFF, 0xFF, 0x80, 0xFF, 0xFF, 0xFF, 0x80, 0x3F, 0xFF, 0xFF, 0x00, 0x7F, 0xFF, 0xFE, 0x00, 0x0F, 0xFF, 0xFE, 0x00, 0x07, 0xFF, 0xFF, 0x00, 0x03, 0xF8, 0x00, 0x00};
const uint8_t *const HEAD_SIDE_NOM_FILL_FRAMES[] PROGMEM = {HEAD_SIDE_NOM_FILL_FRAMES_F0, HEAD_SIDE_NOM_FILL_FRAMES_F1};
const uint8_t HEAD_SIDE_NOM_FILL_FRAMES_COUNT = 2;

// --- HEAD_SIDE_SLEEP1_FRAMES ---
const uint8_t HEAD_SIDE_SLEEP1_FRAMES_F0[] PROGMEM = {0x01, 0x00, 0x00, 0x02, 0x00, 0x02, 0xC0, 0x00, 0x0D, 0x00, 0x02, 0x30, 0x00, 0x31, 0x00, 0x02, 0x08, 0x00, 0x41, 0x00, 0x02, 0x06, 0x79, 0x81, 0x00, 0x01, 0x01, 0x86, 0x02, 0x00, 0x01, 0x00, 0x00, 0x02, 0x00, 0x00, 0x80, 0x00, 0x02, 0x00, 0x00, 0x80, 0x00, 0x02, 0x00, 0x00, 0x80, 0x00, 0x00, 0x00, 0x00, 0x40, 0x00, 0x00, 0x00, 0x00, 0x40, 0x00, 0x00, 0x00, 0x04, 0x40, 0x00, 0x00, 0x00, 0x03, 0x40, 0x00, 0x00, 0x00, 0x00, 0x80, 0x00, 0x00, 0x00, 0x04, 0x80, 0x00, 0x00, 0x00, 0x3F, 0x80, 0x00, 0x07, 0x00, 0x41, 0x00, 0x00, 0x08, 0x80, 0x81, 0x00, 0x00, 0x10, 0x40, 0x80, 0x80, 0x00, 0x10, 0x40, 0xFF, 0x7F, 0xFF, 0xEF, 0x80};
const uint8_t *const HEAD_SIDE_SLEEP1_FRAMES[] PROGMEM = {HEAD_SIDE_SLEEP1_FRAMES_F0};
const uint8_t HEAD_SIDE_SLEEP1_FRAMES_COUNT = 1;

// --- HEAD_SIDE_SLEEP1_FILL_FRAMES ---
const uint8_t HEAD_SIDE_SLEEP1_FILL_FRAMES_F0[] PROGMEM = {0x01, 0x00, 0x00, 0x02, 0x00, 0x03, 0xC0, 0x00, 0x0F, 0x00, 0x03, 0xF0, 0x00, 0x3F, 0x00, 0x03, 0xF8, 0x00, 0x7F, 0x00, 0x03, 0xFE, 0x79, 0xFF, 0x00, 0x01, 0xFF, 0xFF, 0xFE, 0x00, 0x01, 0xFF, 0xFF, 0xFE, 0x00, 0x00, 0xFF, 0xFF, 0xFE, 0x00, 0x00, 0xFF, 0xFF, 0xFE, 0x00, 0x00, 0xFF, 0xFF, 0xFE, 0x00, 0x00, 0x7F, 0xFF, 0xFE, 0x00, 0x00, 0x7F, 0xFF, 0xFE, 0x00, 0x04, 0x7F, 0xFF, 0xFE, 0x00, 0x03, 0x7F, 0xFF, 0xFE, 0x00, 0x00, 0xFF, 0xFF, 0xFE, 0x00, 0x04, 0xFF, 0xFF, 0xFE, 0x00, 0x3F, 0xFF, 0xFF, 0xFF, 0x00, 0x7F, 0xFF, 0xFF, 0xFF, 0x80, 0xFF, 0xFF, 0xFF, 0xFF, 0xC0, 0xFF, 0xFF, 0xFF, 0xFF, 0xC0, 0xFF, 0x7F, 0xFF, 0xEF, 0x80};
const uint8_t *const HEAD_SIDE_SLEEP1_FILL_FRAMES[] PROGMEM = {HEAD_SIDE_SLEEP1_FILL_FRAMES_F0};
const uint8_t HEAD_SIDE_SLEEP1_FILL_FRAMES_COUNT = 1;

// --- HEAD_SIDE_SLEEP2_FRAMES ---
const uint8_t HEAD_SIDE_SLEEP2_FRAMES_F0[] PROGMEM = {0x00, 0x00, 0x00, 0x08, 0x00, 0x00, 0x00, 0x34, 0x78, 0x00, 0x00, 0xC4, 0x87, 0x00, 0x01, 0x04, 0x40, 0xE0, 0x02, 0x04, 0x48, 0x1C, 0x0C, 0x08, 0x24, 0x03, 0xF0, 0x48};
const uint8_t *const HEAD_SIDE_SLEEP2_FRAMES[] PROGMEM = {HEAD_SIDE_SLEEP2_FRAMES_F0};
const uint8_t HEAD_SIDE_SLEEP2_FRAMES_COUNT = 1;

// --- HEAD_SIDE_SLEEP2_FILL_FRAMES ---
const uint8_t HEAD_SIDE_SLEEP2_FILL_FRAMES_F0[] PROGMEM = {0x00, 0x00, 0x00, 0x08, 0x00, 0x00, 0x00, 0x3C, 0x78, 0x00, 0x00, 0xFC, 0xFF, 0x00, 0x01, 0xFC, 0x7F, 0xE0, 0x03, 0xFC, 0x7F, 0xFC, 0x0F, 0xF8, 0x3F, 0xFF, 0xFF, 0xF8, 0x3F, 0xFF, 0xFF, 0xF8, 0x3F, 0xFF, 0xFF, 0xF8, 0x1F, 0xFF, 0xFF, 0xF8, 0x1F, 0xFF, 0xFF, 0xF8, 0x1F, 0xFF, 0xFF, 0xF0, 0x0F, 0xFF, 0xFF, 0xF0, 0x0F, 0xFF, 0xFF, 0xE0, 0x8F, 0xFF, 0xFF, 0xE0, 0x6F, 0xFF, 0xFF, 0xC0, 0x1F, 0xFF, 0xFF, 0xC0, 0xFF, 0xFF, 0xFF, 0x80, 0x0F, 0xFF, 0xFF, 0x80, 0x1F, 0xFF, 0xFF, 0x00, 0x1F, 0xFF, 0xFF, 0x80, 0x1F, 0xFF, 0xFF, 0x80, 0x0F, 0xFF, 0xFF, 0x40, 0x07, 0x80, 0x1E, 0x00};
const uint8_t *const HEAD_SIDE_SLEEP2_FILL_FRAMES[] PROGMEM = {HEAD_SIDE_SLEEP2_FILL_FRAMES_F0};
const uint8_t HEAD_SIDE_SLEEP2_FILL_FRAMES_COUNT = 1;

// --- HEAD_SIDE_SLEEP3_FRAMES ---
const uint8_t HEAD_SIDE_SLEEP3_FRAMES_F0[] PROGMEM = {0x40, 0x00, 0x00, 0x40, 0xB0, 0x00, 0x01, 0xA0, 0x8C, 0x00, 0x06, 0x20, 0x82, 0x3F, 0x08, 0xA0, 0x91, 0xC0, 0xF1, 0x20, 0x48, 0x00, 0x01, 0x20, 0x48, 0x00, 0x01, 0x20, 0x48, 0x00, 0x00, 0x20, 0x40, 0x00, 0x00, 0x20, 0x20, 0x00, 0x00, 0x20, 0x20, 0x00, 0x00, 0x40, 0x20, 0x00, 0x00, 0x00, 0x20, 0x00, 0x00, 0x00, 0x20, 0x00, 0x00, 0x00, 0x20, 0x00, 0x00, 0x00, 0x20, 0x00, 0x02, 0x00, 0x58, 0x00, 0x0C, 0x00, 0x47, 0x80, 0x70, 0x20, 0x40, 0x73, 0x80, 0x20, 0x40, 0x0C, 0x00, 0x40, 0x30, 0x08, 0x01, 0x80, 0x0F, 0xFF, 0xFE, 0x00};
const uint8_t *const HEAD_SIDE_SLEEP3_FRAMES[] PROGMEM = {HEAD_SIDE_SLEEP3_FRAMES_F0};
const uint8_t HEAD_SIDE_SLEEP3_FRAMES_COUNT = 1;

// --- HEAD_SIDE_SLEEP3_FILL_FRAMES ---
const uint8_t HEAD_SIDE_SLEEP3_FILL_FRAMES_F0[] PROGMEM = {0x40, 0x00, 0x00, 0x40, 0xF0, 0x00, 0x01, 0xE0, 0xFC, 0x00, 0x07, 0xE0, 0xFE, 0x3F, 0x0F, 0xE0, 0xFF, 0xFF, 0xFF, 0xE0, 0x7F, 0xFF, 0xFF, 0xE0, 0x7F, 0xFF, 0xFF, 0xE0, 0x7F, 0xFF, 0xFF, 0xE0, 0x7F, 0xFF, 0xFF, 0xE0, 0x3F, 0xFF, 0xFF, 0xE0, 0x3F, 0xFF, 0xFF, 0xE0, 0x3F, 0xFF, 0xFF, 0xE0, 0x3F, 0xFF, 0xFF, 0xE0, 0x3F, 0xFF, 0xFF, 0xE0, 0x3F, 0xFF, 0xFF, 0xE0, 0x3F, 0xFF, 0xFF, 0xE0, 0x7F, 0xFF, 0xFF, 0xE0, 0x7F, 0xFF, 0xFF, 0xE0, 0x7F, 0xFF, 0xFF, 0xE0, 0x7F, 0xFF, 0xFF, 0xC0, 0x3F, 0xFF, 0xFF, 0x80, 0x0F, 0xFF, 0xFE, 0x00};
const uint8_t *const HEAD_SIDE_SLEEP3_FILL_FRAMES[] PROGMEM = {HEAD_SIDE_SLEEP3_FILL_FRAMES_F0};
const uint8_t HEAD_SIDE_SLEEP3_FILL_FRAMES_COUNT = 1;

// --- HEAD_SIDE_WITCH_FRAMES ---
const uint8_t HEAD_SIDE_WITCH_FRAMES_F0[] PROGMEM = {0x00, 0x00, 0x7F, 0xF0, 0x00, 0x00, 0x01, 0xFF, 0xF8, 0x00, 0x00, 0x07, 0xFF, 0xFC, 0x00, 0x00, 0x0F, 0xFF, 0xFE, 0x00, 0x00, 0x1F, 0xFF, 0xFE, 0x00, 0x00, 0x1F, 0xFF, 0xC2, 0x00, 0x00, 0x3F, 0xFF, 0xC0, 0x00, 0x00, 0x28, 0x40, 0x40, 0x00, 0x00, 0x4B, 0x40, 0x20, 0x00, 0x00, 0x4B, 0x40, 0x20, 0x00, 0x00, 0x48, 0x40, 0x20, 0x00, 0x00, 0x7F, 0xFF, 0xE0, 0x00, 0xFF, 0xFF, 0xFF, 0xFF, 0xF0, 0x7F, 0xE0, 0x00, 0x7F, 0xE0, 0x3F, 0xC0, 0x00, 0x3F, 0x80, 0x40, 0x00, 0x00, 0x00, 0x40, 0x20, 0x00, 0x00, 0x00, 0x80, 0x10, 0x00, 0x00, 0x01, 0x00, 0x08, 0x00, 0x00, 0x02, 0x00, 0x05, 0x00, 0x00, 0x04, 0x00, 0x03, 0x00, 0x00, 0x18, 0x00, 0x02, 0x00, 0x00, 0x10, 0x00, 0x04, 0x00, 0x00, 0x20, 0x00, 0x04, 0x00, 0x00, 0x20, 0x00, 0x04, 0x00, 0x00, 0x20, 0x00, 0x02, 0x00, 0x00, 0x40, 0x00, 0x01, 0x00, 0x00, 0x40, 0x00, 0x00, 0xC0, 0x00, 0x40, 0x00, 0x00, 0x3C, 0x00, 0x00, 0x00};
const uint8_t *const HEAD_SIDE_WITCH_FRAMES[] PROGMEM = {HEAD_SIDE_WITCH_FRAMES_F0};
const uint8_t HEAD_SIDE_WITCH_FRAMES_COUNT = 1;

// --- HEAD_SIDE_WITCH_FILL_FRAMES ---
const uint8_t HEAD_SIDE_WITCH_FILL_FRAMES_F0[] PROGMEM = {0x00, 0x00, 0x7F, 0xF0, 0x00, 0x00, 0x01, 0xFF, 0xF8, 0x00, 0x00, 0x07, 0xFF, 0xFC, 0x00, 0x00, 0x0F, 0xFF, 0xFE, 0x00, 0x00, 0x1F, 0xFF, 0xFE, 0x00, 0x00, 0x1F, 0xFF, 0xC2, 0x00, 0x00, 0x3F, 0xFF, 0xC0, 0x00, 0x00, 0x3F, 0xFF, 0xC0, 0x00, 0x00, 0x7F, 0xFF, 0xE0, 0x00, 0x00, 0x7F, 0xFF, 0xE0, 0x00, 0x00, 0x7F, 0xFF, 0xE0, 0x00, 0x00, 0x7F, 0xFF, 0xE0, 0x00, 0xFF, 0xFF, 0xFF, 0xFF, 0xF0, 0x7F, 0xFF, 0xFF, 0xFF, 0xE0, 0x3F, 0xFF, 0xFF, 0xFF, 0x80, 0x7F, 0xFF, 0xFF, 0xFF, 0xC0, 0x3F, 0xFF, 0xFF, 0xFF, 0x80, 0x1F, 0xFF, 0xFF, 0xFF, 0x00, 0x0F, 0xFF, 0xFF, 0xFE, 0x00, 0x07, 0xFF, 0xFF, 0xFC, 0x00, 0x03, 0xFF, 0xFF, 0xF8, 0x00, 0x03, 0xFF, 0xFF, 0xF0, 0x00, 0x07, 0xFF, 0xFF, 0xE0, 0x00, 0x07, 0xFF, 0xFF, 0xE0, 0x00, 0x07, 0xFF, 0xFF, 0xE0, 0x00, 0x03, 0xFF, 0xFF, 0xC0, 0x00, 0x01, 0xFF, 0xFF, 0xC0, 0x00, 0x00, 0xFF, 0xFF, 0xC0, 0x00, 0x00, 0x3F, 0xC0, 0x00, 0x00};
const uint8_t *const HEAD_SIDE_WITCH_FILL_FRAMES[] PROGMEM = {HEAD_SIDE_WITCH_FILL_FRAMES_F0};
const uint8_t HEAD_SIDE_WITCH_FILL_FRAMES_COUNT = 1;

// --- TAIL_ANNOYED_FRAMES ---
const uint8_t TAIL_ANNOYED_FRAMES_F0[] PROGMEM = {0xE0, 0x00, 0x00, 0x1F, 0x00, 0x00, 0x00, 0xE0, 0x00, 0xC0, 0x18, 0x00, 0x3F, 0x07, 0x00, 0x00, 0xE0, 0xC0, 0x00, 0x1E, 0x20, 0x00, 0x01, 0xC0};
const uint8_t TAIL_ANNOYED_FRAMES_F1[] PROGMEM = {0xE0, 0x00, 0x00, 0x1F, 0x00, 0x00, 0x00, 0xE0, 0x00, 0xC0, 0x18, 0x00, 0x3F, 0x07, 0x80, 0x00, 0xE0, 0x40, 0x00, 0x1F, 0x20, 0x00, 0x00, 0xC0};
const uint8_t TAIL_ANNOYED_FRAMES_F2[] PROGMEM = {0xE0, 0x00, 0x00, 0x1F, 0x00, 0x00, 0x00, 0xF8, 0x00, 0xC0, 0x07, 0x00, 0x3F, 0x00, 0xC0, 0x00, 0xFE, 0x20, 0x00, 0x01, 0xC0, 0x00, 0x00, 0x00};
const uint8_t TAIL_ANNOYED_FRAMES_F3[] PROGMEM = {0xE0, 0x00, 0x00, 0x1F, 0x00, 0x00, 0x00, 0xFC, 0x00, 0xC0, 0x03, 0xC0, 0x3F, 0x00, 0x20, 0x00, 0xFF, 0xC0, 0x00, 0x00, 0x00, 0x00, 0x00, 0x00};
const uint8_t TAIL_ANNOYED_FRAMES_F4[] PROGMEM = {0xE0, 0x00, 0x00, 0x1F, 0x00, 0x00, 0x00, 0xF0, 0x00, 0xC0, 0x0F, 0xC0, 0x3F, 0x00, 0x20, 0x00, 0xE3, 0xC0, 0x00, 0x1C, 0x00, 0x00, 0x00, 0x00};
const uint8_t TAIL_ANNOYED_FRAMES_F5[] PROGMEM = {0xE0, 0x00, 0x00, 0x1F, 0x00, 0x00, 0x00, 0xE0, 0x00, 0xC0, 0x1C, 0x00, 0x3F, 0x03, 0xC0, 0x00, 0xE0, 0x20, 0x00, 0x1F, 0xC0, 0x00, 0x00, 0x00};
const uint8_t *const TAIL_ANNOYED_FRAMES[] PROGMEM = {TAIL_ANNOYED_FRAMES_F0, TAIL_ANNOYED_FRAMES_F1, TAIL_ANNOYED_FRAMES_F2, TAIL_ANNOYED_FRAMES_F3, TAIL_ANNOYED_FRAMES_F4, TAIL_ANNOYED_FRAMES_F5};
const uint8_t TAIL_ANNOYED_FRAMES_COUNT = 6;

// --- TAIL_ANNOYED_FILL_FRAMES ---
const uint8_t TAIL_ANNOYED_FILL_FRAMES_F0[] PROGMEM = {0xE0, 0x00, 0x00, 0xFF, 0x00, 0x00, 0xFF, 0xE0, 0x00, 0xFF, 0xF8, 0x00, 0x3F, 0xFF, 0x00, 0x00, 0xFF, 0xC0, 0x00, 0x1F, 0xE0, 0x00, 0x01, 0xC0};
const uint8_t TAIL_ANNOYED_FILL_FRAMES_F1[] PROGMEM = {0xE0, 0x00, 0x00, 0xFF, 0x00, 0x00, 0xFF, 0xE0, 0x00, 0xFF, 0xF8, 0x00, 0x3F, 0xFF, 0x80, 0x00, 0xFF, 0xC0, 0x00, 0x1F, 0xE0, 0x00, 0x00, 0xC0};
const uint8_t TAIL_ANNOYED_FILL_FRAMES_F2[] PROGMEM = {0xE0, 0x00, 0x00, 0xFF, 0x00, 0x00, 0xFF, 0xF8, 0x00, 0xFF, 0xFF, 0x00, 0x3F, 0xFF, 0xC0, 0x00, 0xFF, 0xE0, 0x00, 0x01, 0xC0, 0x00, 0x00, 0x00};
const uint8_t TAIL_ANNOYED_FILL_FRAMES_F3[] PROGMEM = {0xE0, 0x00, 0x00, 0xFF, 0x00, 0x00, 0xFF, 0xFC, 0x00, 0xFF, 0xFF, 0xC0, 0x3F, 0xFF, 0xE0, 0x00, 0xFF, 0xC0, 0x00, 0x00, 0x00, 0x00, 0x00, 0x00};
const uint8_t TAIL_ANNOYED_FILL_FRAMES_F4[] PROGMEM = {0xE0, 0x00, 0x00, 0xFF, 0x00, 0x00, 0xFF, 0xF0, 0x00, 0xFF, 0xFF, 0xC0, 0x3F, 0xFF, 0xE0, 0x00, 0xFF, 0xC0, 0x00, 0x1C, 0x00, 0x00, 0x00, 0x00};
const uint8_t TAIL_ANNOYED_FILL_FRAMES_F5[] PROGMEM = {0xE0, 0x00, 0x00, 0xFF, 0x00, 0x00, 0xFF, 0xE0, 0x00, 0xFF, 0xFC, 0x00, 0x3F, 0xFF, 0xC0, 0x00, 0xFF, 0xE0, 0x00, 0x1F, 0xC0, 0x00, 0x00, 0x00};
const uint8_t *const TAIL_ANNOYED_FILL_FRAMES[] PROGMEM = {TAIL_ANNOYED_FILL_FRAMES_F0, TAIL_ANNOYED_FILL_FRAMES_F1, TAIL_ANNOYED_FILL_FRAMES_F2, TAIL_ANNOYED_FILL_FRAMES_F3, TAIL_ANNOYED_FILL_FRAMES_F4, TAIL_ANNOYED_FILL_FRAMES_F5};
const uint8_t TAIL_ANNOYED_FILL_FRAMES_COUNT = 6;

// --- TAIL_NEUTRAL_FRAMES ---
const uint8_t TAIL_NEUTRAL_FRAMES_F0[] PROGMEM = {0x00, 0x00, 0x00, 0x00, 0x00, 0x00, 0x00, 0x00, 0x00, 0x00, 0x78, 0x00, 0x86, 0x00, 0x71, 0x00, 0x08, 0x80, 0x04, 0x40, 0x02, 0x20, 0x01, 0x20, 0x01, 0x20, 0x01, 0x20, 0x01, 0x20, 0x06, 0x20, 0x38, 0x40, 0x00, 0x80, 0x01, 0x00, 0x06, 0x00, 0x38, 0x00};
const uint8_t TAIL_NEUTRAL_FRAMES_F1[] PROGMEM = {0x00, 0x00, 0x00, 0x00, 0x00, 0x00, 0x00, 0x00, 0x00, 0x00, 0x3C, 0x00, 0x43, 0x00, 0x38, 0x80, 0x04, 0x40, 0x02, 0x20, 0x01, 0x10, 0x00, 0x90, 0x00, 0x90, 0x00, 0x90, 0x01, 0x20, 0x06, 0x20, 0x38, 0x40, 0x00, 0x80, 0x01, 0x00, 0x06, 0x00, 0x38, 0x00};
const uint8_t TAIL_NEUTRAL_FRAMES_F2[] PROGMEM = {0x00, 0x00, 0x00, 0x00, 0x00, 0x00, 0x00, 0x00, 0x00, 0x00, 0x1E, 0x00, 0x21, 0x80, 0x1C, 0x40, 0x02, 0x20, 0x01, 0x10, 0x00, 0x88, 0x00, 0x48, 0x00, 0x48, 0x00, 0x48, 0x00, 0x90, 0x07, 0x10, 0x38, 0x20, 0x00, 0x40, 0x01, 0x80, 0x06, 0x00, 0x38, 0x00};
const uint8_t TAIL_NEUTRAL_FRAMES_F3[] PROGMEM = {0x00, 0x00, 0x00, 0x00, 0x00, 0x00, 0x00, 0x00, 0x00, 0x00, 0x07, 0x00, 0x08, 0xC0, 0x06, 0x20, 0x01, 0x10, 0x00, 0x88, 0x00, 0x44, 0x00, 0x24, 0x00, 0x24, 0x00, 0x44, 0x00, 0x88, 0x07, 0x10, 0x38, 0x20, 0x00, 0x40, 0x01, 0x80, 0x06, 0x00, 0x38, 0x00};
const uint8_t TAIL_NEUTRAL_FRAMES_F4[] PROGMEM = {0x00, 0x00, 0x00, 0x00, 0x00, 0x00, 0x00, 0x00, 0x00, 0x00, 0x01, 0xC0, 0x02, 0x20, 0x01, 0x10, 0x00, 0x88, 0x00, 0x44, 0x00, 0x24, 0x00, 0x24, 0x00, 0x24, 0x00, 0x44, 0x00, 0x88, 0x07, 0x10, 0x38, 0x20, 0x00, 0x40, 0x01, 0x80, 0x06, 0x00, 0x38, 0x00};
const uint8_t TAIL_NEUTRAL_FRAMES_F5[] PROGMEM = {0x00, 0x00, 0x00, 0x00, 0x00, 0x00, 0x00, 0x00, 0x00, 0xC0, 0x01, 0x20, 0x00, 0x90, 0x00, 0x90, 0x00, 0x48, 0x00, 0x48, 0x00, 0x48, 0x00, 0x48, 0x00, 0x48, 0x00, 0x48, 0x00, 0x88, 0x07, 0x10, 0x38, 0x20, 0x00, 0x40, 0x01, 0x80, 0x06, 0x00, 0x38, 0x00};
const uint8_t TAIL_NEUTRAL_FRAMES_F6[] PROGMEM = {0x00, 0x00, 0x00, 0x00, 0x00, 0x40, 0x00, 0xA0, 0x00, 0xA0, 0x00, 0xA0, 0x00, 0x90, 0x00, 0x90, 0x00, 0x48, 0x00, 0x48, 0x00, 0x48, 0x00, 0x48, 0x00, 0x48, 0x00, 0x88, 0x00, 0x90, 0x07, 0x10, 0x38, 0x20, 0x00, 0x40, 0x01, 0x80, 0x06, 0x00, 0x38, 0x00};
const uint8_t TAIL_NEUTRAL_FRAMES_F7[] PROGMEM = {0x00, 0x00, 0x00, 0x00, 0x00, 0x10, 0x00, 0x28, 0x00, 0x28, 0x00, 0x48, 0x00, 0x48, 0x00, 0x48, 0x00, 0x48, 0x00, 0x48, 0x00, 0x48, 0x00, 0x48, 0x00, 0x88, 0x00, 0x88, 0x01, 0x10, 0x06, 0x10, 0x38, 0x20, 0x00, 0x40, 0x01, 0x80, 0x06, 0x00, 0x38, 0x00};
const uint8_t TAIL_NEUTRAL_FRAMES_F8[] PROGMEM = {0x00, 0x00, 0x00, 0x00, 0x00, 0x18, 0x00, 0x24, 0x00, 0x28, 0x00, 0x48, 0x00, 0x48, 0x00, 0x48, 0x00, 0x48, 0x00, 0x50, 0x00, 0x90, 0x00, 0x90, 0x00, 0x90, 0x01, 0x10, 0x02, 0x10, 0x04, 0x20, 0x38, 0x40, 0x00, 0x80, 0x01, 0x00, 0x06, 0x00, 0x38, 0x00};
const uint8_t TAIL_NEUTRAL_FRAMES_F9[] PROGMEM = {0x00, 0x00, 0x00, 0x00, 0x00, 0x00, 0x00, 0x1C, 0x00};
const uint8_t TAIL_NEUTRAL_FRAMES_F10[] PROGMEM = {0x00, 0x00, 0x00, 0x00, 0x00, 0x00, 0x00, 0x38, 0x00, 0x44, 0x00, 0x88, 0x00, 0x90, 0x01, 0x20, 0x01, 0x20, 0x01, 0x20, 0x01, 0x20, 0x01, 0x20, 0x02, 0x20, 0x02, 0x40, 0x02, 0x40, 0x04, 0x40, 0x38, 0x80, 0x01, 0x00, 0x02, 0x00, 0x04, 0x00, 0x38, 0x00};
const uint8_t TAIL_NEUTRAL_FRAMES_F11[] PROGMEM = {0x00, 0x00, 0x00, 0x00, 0x00, 0x00, 0x00, 0x38, 0x00, 0x44, 0x00, 0x88, 0x01, 0x10, 0x01, 0x20, 0x01, 0x20, 0x01, 0x20, 0x01, 0x20, 0x01, 0x20, 0x02, 0x20, 0x02, 0x40, 0x02, 0x40, 0x04, 0x40, 0x38, 0x80, 0x01, 0x00, 0x02, 0x00, 0x04, 0x00, 0x38, 0x00};
const uint8_t TAIL_NEUTRAL_FRAMES_F12[] PROGMEM = {0x00, 0x00, 0x00, 0x00, 0x00, 0x10, 0x00, 0x68, 0x00, 0x88, 0x01, 0x10, 0x01, 0x20, 0x01, 0x20, 0x01, 0x20, 0x01, 0x20, 0x01, 0x20, 0x02, 0x20, 0x02, 0x20, 0x02, 0x40, 0x02, 0x40, 0x04, 0x40, 0x38, 0x80, 0x01, 0x00, 0x02, 0x00, 0x04, 0x00, 0x38, 0x00};
const uint8_t TAIL_NEUTRAL_FRAMES_F13[] PROGMEM = {0x00, 0x40, 0x00, 0xA0, 0x01, 0x20, 0x01, 0x20, 0x01, 0x20, 0x01, 0x20, 0x01, 0x20, 0x01, 0x20, 0x01, 0x20, 0x01, 0x20, 0x01, 0x20, 0x02, 0x40, 0x02, 0x40, 0x02, 0x40, 0x02, 0x40, 0x04, 0x80, 0x38, 0x80, 0x01, 0x00, 0x02, 0x00, 0x04, 0x00, 0x38, 0x00};
const uint8_t TAIL_NEUTRAL_FRAMES_F14[] PROGMEM = {0x00, 0x00, 0x0E, 0x00, 0x11, 0x00, 0x08, 0x80, 0x04, 0x40, 0x04, 0x40, 0x02, 0x20, 0x01, 0x20, 0x01, 0x20, 0x01, 0x20, 0x01, 0x20, 0x01, 0x20, 0x01, 0x20, 0x02, 0x20, 0x02, 0x40, 0x04, 0x40, 0x38, 0x80, 0x01, 0x00, 0x02, 0x00, 0x04, 0x00, 0x38, 0x00};
const uint8_t TAIL_NEUTRAL_FRAMES_F15[] PROGMEM = {0x00, 0x00, 0x00, 0x00, 0x00, 0x00, 0x00, 0x00, 0x3C, 0x00, 0x42, 0x00, 0x31, 0x00, 0x08, 0x80, 0x04, 0x40, 0x02, 0x20, 0x01, 0x20, 0x01, 0x20, 0x01, 0x20, 0x01, 0x20, 0x01, 0x20, 0x06, 0x20, 0x38, 0x40, 0x00, 0x80, 0x01, 0x00, 0x06, 0x00, 0x38, 0x00};
const uint8_t *const TAIL_NEUTRAL_FRAMES[] PROGMEM = {TAIL_NEUTRAL_FRAMES_F0, TAIL_NEUTRAL_FRAMES_F1, TAIL_NEUTRAL_FRAMES_F2, TAIL_NEUTRAL_FRAMES_F3, TAIL_NEUTRAL_FRAMES_F4, TAIL_NEUTRAL_FRAMES_F5, TAIL_NEUTRAL_FRAMES_F6, TAIL_NEUTRAL_FRAMES_F7, TAIL_NEUTRAL_FRAMES_F8, TAIL_NEUTRAL_FRAMES_F9, TAIL_NEUTRAL_FRAMES_F10, TAIL_NEUTRAL_FRAMES_F11, TAIL_NEUTRAL_FRAMES_F12, TAIL_NEUTRAL_FRAMES_F13, TAIL_NEUTRAL_FRAMES_F14, TAIL_NEUTRAL_FRAMES_F15};
const uint8_t TAIL_NEUTRAL_FRAMES_COUNT = 16;

// --- TAIL_NEUTRAL_FILL_FRAMES ---
const uint8_t TAIL_NEUTRAL_FILL_FRAMES_F0[] PROGMEM = {0x00, 0x00, 0x00, 0x00, 0x00, 0x00, 0x00, 0x00, 0x00, 0x00, 0x78, 0x00, 0xFE, 0x00, 0x7F, 0x00, 0x0F, 0x80, 0x07, 0xC0, 0x03, 0xE0, 0x01, 0xE0, 0x01, 0xE0, 0x01, 0xE0, 0x01, 0xE0, 0x07, 0xE0, 0x3F, 0xC0, 0x3F, 0x80, 0x3F, 0x00, 0x3E, 0x00, 0x38, 0x00};
const uint8_t TAIL_NEUTRAL_FILL_FRAMES_F1[] PROGMEM = {0x00, 0x00, 0x00, 0x00, 0x00, 0x00, 0x00, 0x00, 0x00, 0x00, 0x3C, 0x00, 0x7F, 0x00, 0x3F, 0x80, 0x07, 0xC0, 0x03, 0xE0, 0x01, 0xF0, 0x00, 0xF0, 0x00, 0xF0, 0x00, 0xF0, 0x01, 0xE0, 0x07, 0xE0, 0x3F, 0xC0, 0x3F, 0x80, 0x3F, 0x00, 0x3E, 0x00, 0x38, 0x00};
const uint8_t TAIL_NEUTRAL_FILL_FRAMES_F2[] PROGMEM = {0x00, 0x00, 0x00, 0x00, 0x00, 0x00, 0x00, 0x00, 0x00, 0x00, 0x1E, 0x00, 0x3F, 0x80, 0x1F, 0xC0, 0x03, 0xE0, 0x01, 0xF0, 0x00, 0xF8, 0x00, 0x78, 0x00, 0x78, 0x00, 0x78, 0x00, 0xF0, 0x07, 0xF0, 0x3F, 0xE0, 0x3F, 0xC0, 0x3F, 0x80, 0x3E, 0x00, 0x38, 0x00};
const uint8_t TAIL_NEUTRAL_FILL_FRAMES_F3[] PROGMEM = {0x00, 0x00, 0x00, 0x00, 0x00, 0x00, 0x00, 0x00, 0x00, 0x00, 0x07, 0x00, 0x0F, 0xC0, 0x07, 0xE0, 0x01, 0xF0, 0x00, 0xF8, 0x00, 0x7C, 0x00, 0x3C, 0x00, 0x3C, 0x00, 0x7C, 0x00, 0xF8, 0x07, 0xF0, 0x3F, 0xE0, 0x3F, 0xC0, 0x3F, 0x80, 0x3E, 0x00, 0x38, 0x00};
const uint8_t TAIL_NEUTRAL_FILL_FRAMES_F4[] PROGMEM = {0x00, 0x00, 0x00, 0x00, 0x00, 0x00, 0x00, 0x00, 0x00, 0x00, 0x01, 0xC0, 0x03, 0xE0, 0x01, 0xF0, 0x00, 0xF8, 0x00, 0x7C, 0x00, 0x3C, 0x00, 0x3C, 0x00, 0x3C, 0x00, 0x7C, 0x00, 0xF8, 0x07, 0xF0, 0x3F, 0xE0, 0x3F, 0xC0, 0x3F, 0x80, 0x3E, 0x00, 0x38, 0x00};
const uint8_t TAIL_NEUTRAL_FILL_FRAMES_F5[] PROGMEM = {0x00, 0x00, 0x00, 0x00, 0x00, 0x00, 0x00, 0x00, 0x00, 0xC0, 0x01, 0xE0, 0x00, 0xF0, 0x00, 0xF0, 0x00, 0x78, 0x00, 0x78, 0x00, 0x78, 0x00, 0x78, 0x00, 0x78, 0x00, 0x78, 0x00, 0xF8, 0x07, 0xF0, 0x3F, 0xE0, 0x3F, 0xC0, 0x3F, 0x80, 0x3E, 0x00, 0x38, 0x00};
const uint8_t TAIL_NEUTRAL_FILL_FRAMES_F6[] PROGMEM = {0x00, 0x00, 0x00, 0x00, 0x00, 0x40, 0x00, 0xE0, 0x00, 0xE0, 0x00, 0xE0, 0x00, 0xF0, 0x00, 0xF0, 0x00, 0x78, 0x00, 0x78, 0x00, 0x78, 0x00, 0x78, 0x00, 0x78, 0x00, 0xF8, 0x00, 0xF0, 0x07, 0xF0, 0x3F, 0xE0, 0x3F, 0xC0, 0x3F, 0x80, 0x3E, 0x00, 0x38, 0x00};
const uint8_t TAIL_NEUTRAL_FILL_FRAMES_F7[] PROGMEM = {0x00, 0x00, 0x00, 0x00, 0x00, 0x10, 0x00, 0x38, 0x00, 0x38, 0x00, 0x78, 0x00, 0x78, 0x00, 0x78, 0x00, 0x78, 0x00, 0x78, 0x00, 0x78, 0x00, 0x78, 0x00, 0xF8, 0x00, 0xF8, 0x01, 0xF0, 0x07, 0xF0, 0x3F, 0xE0, 0x3F, 0xC0, 0x3F, 0x80, 0x3E, 0x00, 0x38, 0x00};
const uint8_t TAIL_NEUTRAL_FILL_FRAMES_F8[] PROGMEM = {0x00, 0x00, 0x00, 0x00, 0x00, 0x18, 0x00, 0x3C, 0x00, 0x38, 0x00, 0x78, 0x00, 0x78, 0x00, 0x78, 0x00, 0x78, 0x00, 0x70, 0x00, 0xF0, 0x00, 0xF0, 0x00, 0xF0, 0x01, 0xF0, 0x03, 0xF0, 0x07, 0xE0, 0x3F, 0xC0, 0x3F, 0x80, 0x3F, 0x00, 0x3E, 0x00, 0x38, 0x00};
const uint8_t TAIL_NEUTRAL_FILL_FRAMES_F9[] PROGMEM = {0x00, 0x00, 0x00, 0x00, 0x00, 0x00, 0x00, 0x1C, 0x00, 0x3E, 0x00, 0x7C, 0x00, 0x78, 0x00, 0xF0, 0x00, 0xF0, 0x00, 0xF0, 0x00, 0xF0, 0x01, 0xE0, 0x01, 0xE0, 0x01, 0xE0, 0x03, 0xE0, 0x07, 0xE0, 0x3F, 0xC0, 0x3F, 0x80, 0x3F, 0x00, 0x3E, 0x00, 0x38, 0x00};
const uint8_t TAIL_NEUTRAL_FILL_FRAMES_F10[] PROGMEM = {0x00, 0x00, 0x00, 0x00, 0x00, 0x00, 0x00, 0x38, 0x00, 0x7C, 0x00, 0xF8, 0x00, 0xF0, 0x01, 0xE0, 0x01, 0xE0, 0x01, 0xE0, 0x01, 0xE0, 0x01, 0xE0, 0x03, 0xE0, 0x03, 0xC0, 0x03, 0xC0, 0x07, 0xC0, 0x3F, 0x80, 0x3F, 0x00, 0x3E, 0x00, 0x3C, 0x00, 0x38, 0x00};
const uint8_t TAIL_NEUTRAL_FILL_FRAMES_F11[] PROGMEM = {0x00, 0x00, 0x00, 0x00, 0x00, 0x00, 0x00, 0x38, 0x00, 0x7C, 0x00, 0xF8, 0x01, 0xF0, 0x01, 0xE0, 0x01, 0xE0, 0x01, 0xE0, 0x01, 0xE0, 0x01, 0xE0, 0x03, 0xE0, 0x03, 0xC0, 0x03, 0xC0, 0x07, 0xC0, 0x3F, 0x80, 0x3F, 0x00, 0x3E, 0x00, 0x3C, 0x00, 0x38, 0x00};
const uint8_t TAIL_NEUTRAL_FILL_FRAMES_F12[] PROGMEM = {0x00, 0x00, 0x00, 0x00, 0x00, 0x10, 0x00, 0x78, 0x00, 0xF8, 0x01, 0xF0, 0x01, 0xE0, 0x01, 0xE0, 0x01, 0xE0, 0x01, 0xE0, 0x01, 0xE0, 0x03, 0xE0, 0x03, 0xE0, 0x03, 0xC0, 0x03, 0xC0, 0x07, 0xC0, 0x3F, 0x80, 0x3F, 0x00, 0x3E, 0x00, 0x3C, 0x00, 0x38, 0x00};
const uint8_t TAIL_NEUTRAL_FILL_FRAMES_F13[] PROGMEM = {0x00, 0x40, 0x00, 0xE0, 0x01, 0xE0, 0x01, 0xE0, 0x01, 0xE0, 0x01, 0xE0, 0x01, 0xE0, 0x01, 0xE0, 0x01, 0xE0, 0x01, 0xE0, 0x01, 0xE0, 0x03, 0xC0, 0x03, 0xC0, 0x03, 0xC0, 0x03, 0xC0, 0x07, 0x80, 0x3F, 0x80, 0x3F, 0x00, 0x3E, 0x00, 0x3C, 0x00, 0x38, 0x00};
const uint8_t TAIL_NEUTRAL_FILL_FRAMES_F14[] PROGMEM = {0x00, 0x00, 0x0E, 0x00, 0x1F, 0x00, 0x0F, 0x80, 0x07, 0xC0, 0x07, 0xC0, 0x03, 0xE0, 0x01, 0xE0, 0x01, 0xE0, 0x01, 0xE0, 0x01, 0xE0, 0x01, 0xE0, 0x01, 0xE0, 0x03, 0xE0, 0x03, 0xC0, 0x07, 0xC0, 0x3F, 0x80, 0x3F, 0x00, 0x3E, 0x00, 0x3C, 0x00, 0x38, 0x00};
const uint8_t TAIL_NEUTRAL_FILL_FRAMES_F15[] PROGMEM = {0x00, 0x00, 0x00, 0x00, 0x00, 0x00, 0x00, 0x00, 0x3C, 0x00, 0x7E, 0x00, 0x3F, 0x00, 0x0F, 0x80, 0x07, 0xC0, 0x03, 0xE0, 0x01, 0xE0, 0x01, 0xE0, 0x01, 0xE0, 0x01, 0xE0, 0x01, 0xE0, 0x07, 0xE0, 0x3F, 0xC0, 0x3F, 0x80, 0x3F, 0x00, 0x3E, 0x00, 0x38, 0x00};
const uint8_t *const TAIL_NEUTRAL_FILL_FRAMES[] PROGMEM = {TAIL_NEUTRAL_FILL_FRAMES_F0, TAIL_NEUTRAL_FILL_FRAMES_F1, TAIL_NEUTRAL_FILL_FRAMES_F2, TAIL_NEUTRAL_FILL_FRAMES_F3, TAIL_NEUTRAL_FILL_FRAMES_F4, TAIL_NEUTRAL_FILL_FRAMES_F5, TAIL_NEUTRAL_FILL_FRAMES_F6, TAIL_NEUTRAL_FILL_FRAMES_F7, TAIL_NEUTRAL_FILL_FRAMES_F8, TAIL_NEUTRAL_FILL_FRAMES_F9, TAIL_NEUTRAL_FILL_FRAMES_F10, TAIL_NEUTRAL_FILL_FRAMES_F11, TAIL_NEUTRAL_FILL_FRAMES_F12, TAIL_NEUTRAL_FILL_FRAMES_F13, TAIL_NEUTRAL_FILL_FRAMES_F14, TAIL_NEUTRAL_FILL_FRAMES_F15};
const uint8_t TAIL_NEUTRAL_FILL_FRAMES_COUNT = 16;

// --- TAIL_NEUTRAL2_FRAMES ---
const uint8_t TAIL_NEUTRAL2_FRAMES_F0[] PROGMEM = {0x00, 0x00, 0x00, 0x00, 0x70, 0x00, 0x88, 0x00, 0x64, 0x00, 0x12, 0x00, 0x09, 0x00, 0x09, 0x00, 0x04, 0x80, 0x04, 0x80, 0x02, 0x40, 0x02, 0x40, 0x02, 0x40, 0x02, 0x40, 0x02, 0x40, 0x02, 0x40, 0x02, 0x40, 0x00, 0x40, 0x00, 0x40, 0x00, 0x80, 0x00, 0x80, 0x01, 0x00, 0x02, 0x00};
const uint8_t TAIL_NEUTRAL2_FRAMES_F1[] PROGMEM = {0x00, 0x00, 0x00, 0x00, 0x38, 0x00, 0x44, 0x00, 0x32, 0x00, 0x09, 0x00, 0x04, 0x80, 0x04, 0x80, 0x02, 0x40, 0x02, 0x40, 0x01, 0x20, 0x01, 0x20, 0x01, 0x20, 0x01, 0x20, 0x01, 0x20, 0x02, 0x40, 0x02, 0x40, 0x00, 0x40, 0x00, 0x40, 0x00, 0x80, 0x00, 0x80, 0x01, 0x00, 0x02, 0x00};
const uint8_t TAIL_NEUTRAL2_FRAMES_F2[] PROGMEM = {0x00, 0x00, 0x00, 0x00, 0x0E, 0x00, 0x11, 0x00, 0x0C, 0x80, 0x02, 0x40, 0x01, 0x20, 0x01, 0x20, 0x00, 0x90, 0x00, 0x90, 0x00, 0x90, 0x00, 0x90, 0x01, 0x20, 0x01, 0x20, 0x01, 0x20, 0x02, 0x40, 0x02, 0x40, 0x00, 0x40, 0x00, 0x40, 0x00, 0x80, 0x00, 0x80, 0x01, 0x00, 0x02, 0x00};
const uint8_t TAIL_NEUTRAL2_FRAMES_F3[] PROGMEM = {0x00, 0x00, 0x03, 0x00, 0x04, 0x80, 0x02, 0x40, 0x02, 0x20, 0x01, 0x10, 0x00, 0x90, 0x00, 0x90, 0x00, 0x90, 0x00, 0x90, 0x00, 0x90, 0x00, 0x90, 0x01, 0x20, 0x01, 0x20, 0x01, 0x20, 0x02, 0x40, 0x02, 0x40, 0x00, 0x40, 0x00, 0x40, 0x00, 0x80, 0x00, 0x80, 0x01, 0x00, 0x02, 0x00};
const uint8_t TAIL_NEUTRAL2_FRAMES_F4[] PROGMEM = {0x00, 0x60, 0x00, 0x90, 0x00, 0x90, 0x00, 0x90, 0x00, 0x90, 0x00, 0x48, 0x00, 0x48, 0x00, 0x48, 0x00, 0x90, 0x00, 0x90, 0x00, 0x90, 0x00, 0x90, 0x01, 0x20, 0x01, 0x20, 0x01, 0x20, 0x02, 0x40, 0x02, 0x40, 0x00, 0x40, 0x00, 0x40, 0x00, 0x80, 0x00, 0x80, 0x01, 0x00, 0x02, 0x00};
const uint8_t TAIL_NEUTRAL2_FRAMES_F5[] PROGMEM = {0x00, 0x30, 0x00, 0x48, 0x00, 0x48, 0x00, 0x48, 0x00, 0x48, 0x00, 0x48, 0x00, 0x48, 0x00, 0x48, 0x00, 0x90, 0x00, 0x90, 0x00, 0x90, 0x00, 0x90, 0x01, 0x20, 0x01, 0x20, 0x01, 0x20, 0x02, 0x40, 0x02, 0x40, 0x00, 0x40, 0x00, 0x40, 0x00, 0x80, 0x00, 0x80, 0x01, 0x00, 0x02, 0x00};
const uint8_t TAIL_NEUTRAL2_FRAMES_F6[] PROGMEM = {0x00, 0x30, 0x00, 0x48, 0x00, 0x48, 0x00, 0x48, 0x00, 0x48, 0x00, 0x90, 0x00, 0x90, 0x00, 0x90, 0x00, 0x90, 0x01, 0x20, 0x01, 0x20, 0x01, 0x20, 0x01, 0x20, 0x01, 0x20, 0x01, 0x20, 0x02, 0x40, 0x02, 0x40, 0x00, 0x40, 0x00, 0x40, 0x00, 0x80, 0x00, 0x80, 0x01, 0x00, 0x02, 0x00};
const uint8_t TAIL_NEUTRAL2_FRAMES_F7[] PROGMEM = {0x00, 0x60, 0x00, 0x90, 0x00, 0x90, 0x01, 0x20, 0x01, 0x20, 0x02, 0x40, 0x02, 0x40, 0x02, 0x40, 0x02, 0x40, 0x02, 0x40, 0x02, 0x40, 0x02, 0x40, 0x01, 0x20, 0x01, 0x20, 0x01, 0x20, 0x02, 0x40, 0x02, 0x40, 0x00, 0x40, 0x00, 0x40, 0x00, 0x80, 0x00, 0x80, 0x01, 0x00, 0x02, 0x00};
const uint8_t TAIL_NEUTRAL2_FRAMES_F8[] PROGMEM = {0x01, 0x80, 0x02, 0x40, 0x04, 0x40, 0x04, 0x80, 0x04, 0x80, 0x04, 0x80, 0x04, 0x80, 0x04, 0x80, 0x02, 0x40, 0x02, 0x40, 0x02, 0x40, 0x02, 0x40, 0x01, 0x20, 0x01, 0x20, 0x01, 0x20, 0x02, 0x40, 0x02, 0x40, 0x00, 0x40, 0x00, 0x40, 0x00, 0x80, 0x00, 0x80, 0x01, 0x00, 0x02, 0x00};
const uint8_t TAIL_NEUTRAL2_FRAMES_F9[] PROGMEM = {0x00, 0x00, 0x18, 0x00, 0x24, 0x00};
const uint8_t *const TAIL_NEUTRAL2_FRAMES[] PROGMEM = {TAIL_NEUTRAL2_FRAMES_F0, TAIL_NEUTRAL2_FRAMES_F1, TAIL_NEUTRAL2_FRAMES_F2, TAIL_NEUTRAL2_FRAMES_F3, TAIL_NEUTRAL2_FRAMES_F4, TAIL_NEUTRAL2_FRAMES_F5, TAIL_NEUTRAL2_FRAMES_F6, TAIL_NEUTRAL2_FRAMES_F7, TAIL_NEUTRAL2_FRAMES_F8, TAIL_NEUTRAL2_FRAMES_F9};
const uint8_t TAIL_NEUTRAL2_FRAMES_COUNT = 10;

// --- TAIL_NEUTRAL2_FILL_FRAMES ---
const uint8_t TAIL_NEUTRAL2_FILL_FRAMES_F0[] PROGMEM = {0x00, 0x00, 0x00, 0x00, 0x70, 0x00, 0xF8, 0x00, 0x7C, 0x00, 0x1E, 0x00, 0x0F, 0x00, 0x0F, 0x00, 0x07, 0x80, 0x07, 0x80, 0x03, 0xC0, 0x03, 0xC0, 0x03, 0xC0, 0x03, 0xC0, 0x03, 0xC0, 0x03, 0xC0, 0x03, 0xC0, 0x03, 0xC0, 0x03, 0xC0, 0x03, 0x80, 0x03, 0x80, 0x03, 0x00, 0x02, 0x00};
const uint8_t TAIL_NEUTRAL2_FILL_FRAMES_F1[] PROGMEM = {0x00, 0x00, 0x00, 0x00, 0x38, 0x00, 0x7C, 0x00, 0x3E, 0x00, 0x0F, 0x00, 0x07, 0x80, 0x07, 0x80, 0x03, 0xC0, 0x03, 0xC0, 0x01, 0xE0, 0x01, 0xE0, 0x01, 0xE0, 0x01, 0xE0, 0x01, 0xE0, 0x03, 0xC0, 0x03, 0xC0, 0x03, 0xC0, 0x03, 0xC0, 0x03, 0x80, 0x03, 0x80, 0x03, 0x00, 0x02, 0x00};
const uint8_t TAIL_NEUTRAL2_FILL_FRAMES_F2[] PROGMEM = {0x00, 0x00, 0x00, 0x00, 0x0E, 0x00, 0x1F, 0x00, 0x0F, 0x80, 0x03, 0xC0, 0x01, 0xE0, 0x01, 0xE0, 0x00, 0xF0, 0x00, 0xF0, 0x00, 0xF0, 0x00, 0xF0, 0x01, 0xE0, 0x01, 0xE0, 0x01, 0xE0, 0x03, 0xC0, 0x03, 0xC0, 0x03, 0xC0, 0x03, 0xC0, 0x03, 0x80, 0x03, 0x80, 0x03, 0x00, 0x02, 0x00};
const uint8_t TAIL_NEUTRAL2_FILL_FRAMES_F3[] PROGMEM = {0x00, 0x00, 0x03, 0x00, 0x07, 0x80, 0x03, 0xC0, 0x03, 0xE0, 0x01, 0xF0, 0x00, 0xF0, 0x00, 0xF0, 0x00, 0xF0, 0x00, 0xF0, 0x00, 0xF0, 0x00, 0xF0, 0x01, 0xE0, 0x01, 0xE0, 0x01, 0xE0, 0x03, 0xC0, 0x03, 0xC0, 0x03, 0xC0, 0x03, 0xC0, 0x03, 0x80, 0x03, 0x80, 0x03, 0x00, 0x02, 0x00};
const uint8_t TAIL_NEUTRAL2_FILL_FRAMES_F4[] PROGMEM = {0x00, 0x60, 0x00, 0xF0, 0x00, 0xF0, 0x00, 0xF0, 0x00, 0xF0, 0x00, 0x78, 0x00, 0x78, 0x00, 0x78, 0x00, 0xF0, 0x00, 0xF0, 0x00, 0xF0, 0x00, 0xF0, 0x01, 0xE0, 0x01, 0xE0, 0x01, 0xE0, 0x03, 0xC0, 0x03, 0xC0, 0x03, 0xC0, 0x03, 0xC0, 0x03, 0x80, 0x03, 0x80, 0x03, 0x00, 0x02, 0x00};
const uint8_t TAIL_NEUTRAL2_FILL_FRAMES_F5[] PROGMEM = {0x00, 0x30, 0x00, 0x78, 0x00, 0x78, 0x00, 0x78, 0x00, 0x78, 0x00, 0x78, 0x00, 0x78, 0x00, 0x78, 0x00, 0xF0, 0x00, 0xF0, 0x00, 0xF0, 0x00, 0xF0, 0x01, 0xE0, 0x01, 0xE0, 0x01, 0xE0, 0x03, 0xC0, 0x03, 0xC0, 0x03, 0xC0, 0x03, 0xC0, 0x03, 0x80, 0x03, 0x80, 0x03, 0x00, 0x02, 0x00};
const uint8_t TAIL_NEUTRAL2_FILL_FRAMES_F6[] PROGMEM = {0x00, 0x30, 0x00, 0x78, 0x00, 0x78, 0x00, 0x78, 0x00, 0x78, 0x00, 0xF0, 0x00, 0xF0, 0x00, 0xF0, 0x00, 0xF0, 0x01, 0xE0, 0x01, 0xE0, 0x01, 0xE0, 0x01, 0xE0, 0x01, 0xE0, 0x01, 0xE0, 0x03, 0xC0, 0x03, 0xC0, 0x03, 0xC0, 0x03, 0xC0, 0x03, 0x80, 0x03, 0x80, 0x03, 0x00, 0x02, 0x00};
const uint8_t TAIL_NEUTRAL2_FILL_FRAMES_F7[] PROGMEM = {0x00, 0x60, 0x00, 0xF0, 0x00, 0xF0, 0x01, 0xE0, 0x01, 0xE0, 0x03, 0xC0, 0x03, 0xC0, 0x03, 0xC0, 0x03, 0xC0, 0x03, 0xC0, 0x03, 0xC0, 0x03, 0xC0, 0x01, 0xE0, 0x01, 0xE0, 0x01, 0xE0, 0x03, 0xC0, 0x03, 0xC0, 0x03, 0xC0, 0x03, 0xC0, 0x03, 0x80, 0x03, 0x80, 0x03, 0x00, 0x02, 0x00};
const uint8_t TAIL_NEUTRAL2_FILL_FRAMES_F8[] PROGMEM = {0x01, 0x80, 0x03, 0xC0, 0x07, 0xC0, 0x07, 0x80, 0x07, 0x80, 0x07, 0x80, 0x07, 0x80, 0x07, 0x80, 0x03, 0xC0, 0x03, 0xC0, 0x03, 0xC0, 0x03, 0xC0, 0x01, 0xE0, 0x01, 0xE0, 0x01, 0xE0, 0x03, 0xC0, 0x03, 0xC0, 0x03, 0xC0, 0x03, 0xC0, 0x03, 0x80, 0x03, 0x80, 0x03, 0x00, 0x02, 0x00};
const uint8_t TAIL_NEUTRAL2_FILL_FRAMES_F9[] PROGMEM = {0x00, 0x00, 0x18, 0x00, 0x3C, 0x00, 0x3E, 0x00, 0x1F, 0x00, 0x0F, 0x00, 0x07, 0x80, 0x07, 0x80, 0x03, 0xC0, 0x03, 0xC0, 0x03, 0xC0, 0x03, 0xC0, 0x01, 0xE0, 0x01, 0xE0, 0x01, 0xE0, 0x03, 0xC0, 0x03, 0xC0, 0x03, 0xC0, 0x03, 0xC0, 0x03, 0x80, 0x03, 0x80, 0x03, 0x00, 0x02, 0x00};
const uint8_t *const TAIL_NEUTRAL2_FILL_FRAMES[] PROGMEM = {TAIL_NEUTRAL2_FILL_FRAMES_F0, TAIL_NEUTRAL2_FILL_FRAMES_F1, TAIL_NEUTRAL2_FILL_FRAMES_F2, TAIL_NEUTRAL2_FILL_FRAMES_F3, TAIL_NEUTRAL2_FILL_FRAMES_F4, TAIL_NEUTRAL2_FILL_FRAMES_F5, TAIL_NEUTRAL2_FILL_FRAMES_F6, TAIL_NEUTRAL2_FILL_FRAMES_F7, TAIL_NEUTRAL2_FILL_FRAMES_F8, TAIL_NEUTRAL2_FILL_FRAMES_F9};
const uint8_t TAIL_NEUTRAL2_FILL_FRAMES_COUNT = 10;

// --- TAIL_SHOCKED_FRAMES ---
const uint8_t TAIL_SHOCKED_FRAMES_F0[] PROGMEM = {0x02, 0x00, 0x05, 0x00, 0x05, 0x00, 0x09, 0x00, 0x09, 0x00, 0x11, 0x00, 0x12, 0x00, 0x12, 0x00};
const uint8_t TAIL_SHOCKED_FRAMES_F1[] PROGMEM = {0x02, 0x00, 0x05, 0x00, 0x05, 0x00, 0x09, 0x00, 0x09, 0x00, 0x11, 0x00, 0x12, 0x00, 0x12, 0x00};
const uint8_t TAIL_SHOCKED_FRAMES_F2[] PROGMEM = {0x02, 0x00, 0x05, 0x00, 0x05, 0x00, 0x09, 0x00, 0x09, 0x00, 0x11, 0x00, 0x12, 0x00, 0x12, 0x00};
const uint8_t TAIL_SHOCKED_FRAMES_F3[] PROGMEM = {0x02, 0x00, 0x05, 0x00, 0x05, 0x00, 0x09, 0x00, 0x09, 0x00, 0x11, 0x00, 0x12, 0x00};
const uint8_t TAIL_SHOCKED_FRAMES_F4[] PROGMEM = {0x02, 0x00, 0x05, 0x00, 0x05, 0x00, 0x09, 0x00, 0x19, 0x00, 0x21, 0x00, 0x12, 0x00, 0x12, 0x00, 0x21, 0x00};
const uint8_t TAIL_SHOCKED_FRAMES_F5[] PROGMEM = {0x02, 0x00, 0x05, 0x00, 0x0D, 0x00, 0x11, 0x00, 0x09, 0x00, 0x11, 0x00, 0x11, 0x00, 0x12, 0x00};
const uint8_t TAIL_SHOCKED_FRAMES_F6[] PROGMEM = {0x06, 0x00, 0x09, 0x00, 0x05, 0x00, 0x09, 0x00, 0x08, 0x80, 0x11, 0x00, 0x12, 0x00, 0x12, 0x00};
const uint8_t TAIL_SHOCKED_FRAMES_F7[] PROGMEM = {0x02, 0x00, 0x05, 0x00, 0x04, 0x80, 0x09, 0x00, 0x09, 0x00, 0x11, 0x00, 0x12, 0x00, 0x12, 0x00};
const uint8_t *const TAIL_SHOCKED_FRAMES[] PROGMEM = {TAIL_SHOCKED_FRAMES_F0, TAIL_SHOCKED_FRAMES_F1, TAIL_SHOCKED_FRAMES_F2, TAIL_SHOCKED_FRAMES_F3, TAIL_SHOCKED_FRAMES_F4, TAIL_SHOCKED_FRAMES_F5, TAIL_SHOCKED_FRAMES_F6, TAIL_SHOCKED_FRAMES_F7};
const uint8_t TAIL_SHOCKED_FRAMES_COUNT = 8;

// --- TAIL_SHOCKED_FILL_FRAMES ---
const uint8_t TAIL_SHOCKED_FILL_FRAMES_F0[] PROGMEM = {0x02, 0x00, 0x07, 0x00, 0x07, 0x00, 0x0F, 0x00, 0x0F, 0x00, 0x1F, 0x00, 0x1E, 0x00, 0x1E, 0x00, 0x3E, 0x00, 0x3C, 0x00, 0x7C, 0x00, 0x78, 0x00, 0xF8, 0x00, 0xF8, 0x00, 0xF0, 0x00, 0xF0, 0x00, 0xF0, 0x00, 0xE0, 0x00, 0xC0, 0x00};
const uint8_t TAIL_SHOCKED_FILL_FRAMES_F1[] PROGMEM = {0x02, 0x00, 0x07, 0x00, 0x07, 0x00, 0x0F, 0x00, 0x0F, 0x00, 0x1F, 0x00, 0x1E, 0x00, 0x1E, 0x00, 0x3E, 0x00, 0x3C, 0x00, 0x7C, 0x00, 0xF8, 0x00, 0xF8, 0x00, 0xF8, 0x00, 0xF8, 0x00, 0xF0, 0x00, 0xF0, 0x00, 0xE0, 0x00, 0xC0, 0x00};
const uint8_t TAIL_SHOCKED_FILL_FRAMES_F2[] PROGMEM = {0x02, 0x00, 0x07, 0x00, 0x07, 0x00, 0x0F, 0x00, 0x0F, 0x00, 0x1F, 0x00, 0x1E, 0x00, 0x1E, 0x00, 0x3E, 0x00, 0x7C, 0x00, 0x7C, 0x00, 0x78, 0x00, 0xFC, 0x00, 0xF8, 0x00, 0xF0, 0x00, 0xF0, 0x00, 0xF0, 0x00, 0xE0, 0x00, 0xC0, 0x00};
const uint8_t TAIL_SHOCKED_FILL_FRAMES_F3[] PROGMEM = {0x02, 0x00, 0x07, 0x00, 0x07, 0x00, 0x0F, 0x00, 0x0F, 0x00, 0x1F, 0x00, 0x1E, 0x00, 0x3E, 0x00, 0x3E, 0x00, 0x3C, 0x00, 0x7E, 0x00, 0x7C, 0x00, 0xF8, 0x00, 0xF8, 0x00, 0xF0, 0x00, 0xF0, 0x00, 0xF0, 0x00, 0xE0, 0x00, 0xC0, 0x00};
const uint8_t TAIL_SHOCKED_FILL_FRAMES_F4[] PROGMEM = {0x02, 0x00, 0x07, 0x00, 0x07, 0x00, 0x0F, 0x00, 0x1F, 0x00, 0x3F, 0x00, 0x1E, 0x00, 0x1E, 0x00, 0x3F, 0x00, 0x3E, 0x00, 0x7C, 0x00, 0x78, 0x00, 0xF8, 0x00, 0xF8, 0x00, 0xF0, 0x00, 0xF0, 0x00, 0xF0, 0x00, 0xE0, 0x00, 0xC0, 0x00};
const uint8_t TAIL_SHOCKED_FILL_FRAMES_F5[] PROGMEM = {0x02, 0x00, 0x07, 0x00, 0x0F, 0x00, 0x1F, 0x00, 0x0F, 0x00, 0x1F, 0x00, 0x1F, 0x00, 0x1E, 0x00, 0x3E, 0x00, 0x3C, 0x00, 0x7C, 0x00, 0x78, 0x00, 0xF8, 0x00, 0xF8, 0x00, 0xF0, 0x00, 0xF0, 0x00, 0xF0, 0x00, 0xE0, 0x00, 0xC0, 0x00};
const uint8_t TAIL_SHOCKED_FILL_FRAMES_F6[] PROGMEM = {0x06, 0x00, 0x0F, 0x00, 0x07, 0x00, 0x0F, 0x00, 0x0F, 0x80, 0x1F, 0x00, 0x1E, 0x00, 0x1E, 0x00, 0x3E, 0x00, 0x3C, 0x00, 0x7C, 0x00, 0x78, 0x00, 0xF8, 0x00, 0xF8, 0x00, 0xF0, 0x00, 0xF0, 0x00, 0xF0, 0x00, 0xE0, 0x00, 0xC0, 0x00};
const uint8_t TAIL_SHOCKED_FILL_FRAMES_F7[] PROGMEM = {0x02, 0x00, 0x07, 0x00, 0x07, 0x80, 0x0F, 0x00, 0x0F, 0x00, 0x1F, 0x00, 0x1E, 0x00, 0x1E, 0x00, 0x3E, 0x00, 0x3C, 0x00, 0x7C, 0x00, 0x78, 0x00, 0xF8, 0x00, 0xF8, 0x00, 0xF0, 0x00, 0xF0, 0x00, 0xF0, 0x00, 0xE0, 0x00, 0xC0, 0x00};
const uint8_t *const TAIL_SHOCKED_FILL_FRAMES[] PROGMEM = {TAIL_SHOCKED_FILL_FRAMES_F0, TAIL_SHOCKED_FILL_FRAMES_F1, TAIL_SHOCKED_FILL_FRAMES_F2, TAIL_SHOCKED_FILL_FRAMES_F3, TAIL_SHOCKED_FILL_FRAMES_F4, TAIL_SHOCKED_FILL_FRAMES_F5, TAIL_SHOCKED_FILL_FRAMES_F6, TAIL_SHOCKED_FILL_FRAMES_F7};
const uint8_t TAIL_SHOCKED_FILL_FRAMES_COUNT = 8;

// --- TAIL_SICK_FRAMES ---
const uint8_t TAIL_SICK_FRAMES_F0[] PROGMEM = {0x80, 0x00, 0x40, 0x00, 0x30, 0x00, 0x0E, 0x00, 0xC1, 0xFE, 0x30, 0x01, 0x0F, 0xFE};
const uint8_t TAIL_SICK_FRAMES_F1[] PROGMEM = {0x80, 0x00, 0x40, 0x00, 0x30, 0x00, 0x0E, 0x1E, 0xC1, 0xE1, 0x30, 0x06, 0x0F, 0xF8};
const uint8_t TAIL_SICK_FRAMES_F2[] PROGMEM = {0x80, 0x00, 0x40, 0x00, 0x30, 0x00, 0x0E, 0x7E, 0xC1, 0x81, 0x30, 0x1E, 0x0F, 0xE0};
const uint8_t TAIL_SICK_FRAMES_F3[] PROGMEM = {0x80, 0x00, 0x40, 0x00, 0x30, 0x00, 0x0E, 0x78, 0xC1, 0x86, 0x30, 0x31, 0x0F, 0xCE};
const uint8_t TAIL_SICK_FRAMES_F4[] PROGMEM = {0x80, 0x00, 0x40, 0x00, 0x30, 0x00, 0x0E, 0xF0, 0xC1, 0x0E, 0x30, 0x61, 0x0F, 0x9E};
const uint8_t TAIL_SICK_FRAMES_F5[] PROGMEM = {0x80, 0x00, 0x40, 0x00, 0x30, 0x00, 0x0F, 0x80, 0xC0, 0x7E, 0x38, 0x01, 0x07, 0xFE};
const uint8_t *const TAIL_SICK_FRAMES[] PROGMEM = {TAIL_SICK_FRAMES_F0, TAIL_SICK_FRAMES_F1, TAIL_SICK_FRAMES_F2, TAIL_SICK_FRAMES_F3, TAIL_SICK_FRAMES_F4, TAIL_SICK_FRAMES_F5};
const uint8_t TAIL_SICK_FRAMES_COUNT = 6;

// --- TAIL_SICK_FILL_FRAMES ---
const uint8_t TAIL_SICK_FILL_FRAMES_F0[] PROGMEM = {0x80, 0x00, 0xC0, 0x00, 0xF0, 0x00, 0xFE, 0x00, 0xFF, 0xFE, 0x3F, 0xFF, 0x0F, 0xFE};
const uint8_t TAIL_SICK_FILL_FRAMES_F1[] PROGMEM = {0x80, 0x00, 0xC0, 0x00, 0xF0, 0x00, 0xFE, 0x1E, 0xFF, 0xFF, 0x3F, 0xFE, 0x0F, 0xF8};
const uint8_t TAIL_SICK_FILL_FRAMES_F2[] PROGMEM = {0x80, 0x00, 0xC0, 0x00, 0xF0, 0x00, 0xFE, 0x7E, 0xFF, 0xFF, 0x3F, 0xFE, 0x0F, 0xE0};
const uint8_t TAIL_SICK_FILL_FRAMES_F3[] PROGMEM = {0x80, 0x00, 0xC0, 0x00, 0xF0, 0x00, 0xFE, 0x78, 0xFF, 0xFE, 0x3F, 0xFF, 0x0F, 0xCE};
const uint8_t TAIL_SICK_FILL_FRAMES_F4[] PROGMEM = {0x80, 0x00, 0xC0, 0x00, 0xF0, 0x00, 0xFE, 0xF0, 0xFF, 0xFE, 0x3F, 0xFF, 0x0F, 0x9E};
const uint8_t TAIL_SICK_FILL_FRAMES_F5[] PROGMEM = {0x80, 0x00, 0xC0, 0x00, 0xF0, 0x00, 0xFF, 0x80, 0xFF, 0xFE, 0x3F, 0xFF, 0x07, 0xFE};
const uint8_t *const TAIL_SICK_FILL_FRAMES[] PROGMEM = {TAIL_SICK_FILL_FRAMES_F0, TAIL_SICK_FILL_FRAMES_F1, TAIL_SICK_FILL_FRAMES_F2, TAIL_SICK_FILL_FRAMES_F3, TAIL_SICK_FILL_FRAMES_F4, TAIL_SICK_FILL_FRAMES_F5};
const uint8_t TAIL_SICK_FILL_FRAMES_COUNT = 6;

// --- TAIL_UP_NEUTRAL_FRAMES ---
const uint8_t TAIL_UP_NEUTRAL_FRAMES_F0[] PROGMEM = {0x08, 0x00, 0x14, 0x00};
const uint8_t TAIL_UP_NEUTRAL_FRAMES_F1[] PROGMEM = {0x10, 0x00, 0x28, 0x00, 0x44, 0x00, 0x44, 0x00, 0x42, 0x00};
const uint8_t TAIL_UP_NEUTRAL_FRAMES_F2[] PROGMEM = {0x00, 0x00, 0x70, 0x00, 0x88, 0x00, 0x88, 0x00, 0x84, 0x00, 0x44, 0x00, 0x42, 0x00};
const uint8_t TAIL_UP_NEUTRAL_FRAMES_F3[] PROGMEM = {0x00, 0x00, 0x38, 0x00, 0x44, 0x00, 0x44, 0x00, 0x42, 0x00};
const uint8_t TAIL_UP_NEUTRAL_FRAMES_F4[] PROGMEM = {0x08, 0x00, 0x14, 0x00};
const uint8_t TAIL_UP_NEUTRAL_FRAMES_F5[] PROGMEM = {0x04, 0x00, 0x0A, 0x00, 0x11, 0x00, 0x11, 0x00, 0x11, 0x00, 0x11, 0x00, 0x08, 0x80, 0x08, 0x80, 0x08, 0x80, 0x08, 0x80, 0x08, 0x40, 0x04, 0x40, 0x04, 0x40, 0x04, 0x40, 0x04, 0x40, 0x04, 0x40, 0x02, 0x40, 0x02, 0x20, 0x02, 0x20, 0x02, 0x20, 0x02, 0x20, 0x02, 0x20};
const uint8_t TAIL_UP_NEUTRAL_FRAMES_F6[] PROGMEM = {0x02, 0x00, 0x05, 0x00, 0x08, 0x80, 0x08, 0x80, 0x08, 0x80, 0x08, 0x80, 0x08, 0x80, 0x08, 0x80, 0x08, 0x80, 0x08, 0x80, 0x08, 0x40, 0x04, 0x40, 0x04, 0x40, 0x04, 0x40, 0x04, 0x40, 0x04, 0x40, 0x02, 0x40, 0x02, 0x20, 0x02, 0x20, 0x02, 0x20, 0x02, 0x20, 0x02, 0x20};
const uint8_t TAIL_UP_NEUTRAL_FRAMES_F7[] PROGMEM = {0x00, 0x80, 0x01, 0x40, 0x02, 0x20, 0x02, 0x20, 0x02, 0x20, 0x02, 0x20, 0x02, 0x20, 0x04, 0x40, 0x04, 0x40, 0x04, 0x40, 0x04, 0x40, 0x04, 0x40, 0x04, 0x40, 0x04, 0x40, 0x04, 0x40, 0x04, 0x20, 0x02, 0x20, 0x02, 0x20, 0x02, 0x20, 0x02, 0x20, 0x02, 0x20, 0x02, 0x20};
const uint8_t TAIL_UP_NEUTRAL_FRAMES_F8[] PROGMEM = {0x00, 0x00, 0x00, 0xE0, 0x01, 0x10, 0x01, 0x10, 0x01, 0x10, 0x01, 0x10, 0x01, 0x10, 0x02, 0x20, 0x02, 0x20, 0x02, 0x20, 0x02, 0x20, 0x02, 0x20, 0x02, 0x20, 0x02, 0x20, 0x02, 0x20, 0x02, 0x20, 0x02, 0x20, 0x02, 0x20, 0x02, 0x20, 0x02, 0x20, 0x02, 0x20, 0x02, 0x20};
const uint8_t TAIL_UP_NEUTRAL_FRAMES_F9[] PROGMEM = {0x00, 0x00, 0x00, 0x38, 0x00, 0x44, 0x00, 0x84, 0x00, 0x88, 0x01, 0x08, 0x01, 0x10, 0x01, 0x10, 0x02, 0x10, 0x02, 0x20, 0x02, 0x20, 0x02, 0x20, 0x04, 0x40, 0x04, 0x40, 0x04, 0x40, 0x04, 0x20, 0x02, 0x20, 0x02, 0x20, 0x02, 0x20, 0x02, 0x20, 0x02, 0x20, 0x02, 0x20};
const uint8_t TAIL_UP_NEUTRAL_FRAMES_F10[] PROGMEM = {0x00, 0x00, 0x00, 0x38, 0x00, 0x44, 0x00, 0x44, 0x00, 0x88, 0x00, 0x88, 0x01, 0x10, 0x01, 0x10, 0x01, 0x10, 0x02, 0x20, 0x02, 0x20, 0x02, 0x20, 0x04, 0x40, 0x04, 0x40, 0x04, 0x40, 0x04, 0x20, 0x02, 0x20, 0x02, 0x20, 0x02, 0x20, 0x02, 0x20, 0x02, 0x20, 0x02, 0x20};
const uint8_t TAIL_UP_NEUTRAL_FRAMES_F11[] PROGMEM = {0x00, 0x00, 0x00, 0xE0, 0x01, 0x10, 0x01, 0x10, 0x01, 0x10, 0x01, 0x10, 0x02, 0x10, 0x02, 0x20, 0x02, 0x20, 0x02, 0x20, 0x04, 0x40, 0x04, 0x40, 0x04, 0x40, 0x04, 0x40, 0x04, 0x40, 0x04, 0x20, 0x02, 0x20, 0x02, 0x20, 0x02, 0x20, 0x02, 0x20, 0x02, 0x20, 0x02, 0x20};
const uint8_t TAIL_UP_NEUTRAL_FRAMES_F12[] PROGMEM = {0x00, 0x80, 0x01, 0x40, 0x02, 0x20, 0x02, 0x20, 0x02, 0x20, 0x02, 0x20, 0x04, 0x20, 0x04, 0x20, 0x04, 0x40, 0x04, 0x40, 0x04, 0x40, 0x04, 0x40, 0x04, 0x40, 0x04, 0x40, 0x04, 0x40, 0x02, 0x20, 0x02, 0x20, 0x02, 0x20, 0x02, 0x20, 0x02, 0x20, 0x02, 0x20, 0x02, 0x20};
const uint8_t TAIL_UP_NEUTRAL_FRAMES_F13[] PROGMEM = {0x02, 0x00, 0x05, 0x00, 0x08, 0x80, 0x08, 0x80, 0x08, 0x80, 0x08, 0x80, 0x08, 0x80, 0x08, 0x80, 0x04, 0x40, 0x04, 0x40, 0x04, 0x40, 0x04, 0x40, 0x04, 0x40, 0x04, 0x40, 0x04, 0x40, 0x02, 0x20, 0x02, 0x20, 0x02, 0x20, 0x02, 0x20, 0x02, 0x20, 0x02, 0x20, 0x02, 0x20};
const uint8_t *const TAIL_UP_NEUTRAL_FRAMES[] PROGMEM = {TAIL_UP_NEUTRAL_FRAMES_F0, TAIL_UP_NEUTRAL_FRAMES_F1, TAIL_UP_NEUTRAL_FRAMES_F2, TAIL_UP_NEUTRAL_FRAMES_F3, TAIL_UP_NEUTRAL_FRAMES_F4, TAIL_UP_NEUTRAL_FRAMES_F5, TAIL_UP_NEUTRAL_FRAMES_F6, TAIL_UP_NEUTRAL_FRAMES_F7, TAIL_UP_NEUTRAL_FRAMES_F8, TAIL_UP_NEUTRAL_FRAMES_F9, TAIL_UP_NEUTRAL_FRAMES_F10, TAIL_UP_NEUTRAL_FRAMES_F11, TAIL_UP_NEUTRAL_FRAMES_F12, TAIL_UP_NEUTRAL_FRAMES_F13};
const uint8_t TAIL_UP_NEUTRAL_FRAMES_COUNT = 14;

// --- TAIL_UP_NEUTRAL_FILL_FRAMES ---
const uint8_t TAIL_UP_NEUTRAL_FILL_FRAMES_F0[] PROGMEM = {0x08, 0x00, 0x1C, 0x00, 0x3E, 0x00, 0x3E, 0x00, 0x3F, 0x00, 0x1F, 0x00, 0x1F, 0x00, 0x1F, 0x00, 0x0F, 0x80, 0x0F, 0x80, 0x0F, 0x80, 0x0F, 0x80, 0x0F, 0xC0, 0x07, 0xC0, 0x07, 0xC0, 0x07, 0xC0, 0x03, 0xC0, 0x03, 0xE0, 0x03, 0xE0, 0x03, 0xE0, 0x03, 0xE0, 0x03, 0xE0};
const uint8_t TAIL_UP_NEUTRAL_FILL_FRAMES_F1[] PROGMEM = {0x10, 0x00, 0x38, 0x00, 0x7C, 0x00, 0x7C, 0x00, 0x7E, 0x00, 0x3E, 0x00, 0x3E, 0x00, 0x3E, 0x00, 0x1F, 0x00, 0x1F, 0x00, 0x1F, 0x80, 0x0F, 0x80, 0x0F, 0xC0, 0x07, 0xC0, 0x07, 0xC0, 0x07, 0xC0, 0x07, 0xC0, 0x03, 0xE0, 0x03, 0xE0, 0x03, 0xE0, 0x03, 0xE0, 0x03, 0xE0};
const uint8_t TAIL_UP_NEUTRAL_FILL_FRAMES_F2[] PROGMEM = {0x00, 0x00, 0x70, 0x00, 0xF8, 0x00, 0xF8, 0x00, 0xFC, 0x00, 0x7C, 0x00, 0x7E, 0x00, 0x3E, 0x00, 0x3F, 0x00, 0x1F, 0x00, 0x1F, 0x80, 0x0F, 0x80, 0x0F, 0xC0, 0x07, 0xC0, 0x07, 0xC0, 0x07, 0xC0, 0x07, 0xC0, 0x03, 0xE0, 0x03, 0xE0, 0x03, 0xE0, 0x03, 0xE0, 0x03, 0xE0};
const uint8_t TAIL_UP_NEUTRAL_FILL_FRAMES_F3[] PROGMEM = {0x00, 0x00, 0x38, 0x00, 0x7C, 0x00, 0x7C, 0x00, 0x7E, 0x00, 0x3E, 0x00, 0x3E, 0x00, 0x3E, 0x00, 0x1F, 0x00, 0x1F, 0x00, 0x1F, 0x80, 0x0F, 0x80, 0x0F, 0xC0, 0x07, 0xC0, 0x07, 0xC0, 0x07, 0xC0, 0x07, 0xC0, 0x03, 0xE0, 0x03, 0xE0, 0x03, 0xE0, 0x03, 0xE0, 0x03, 0xE0};
const uint8_t TAIL_UP_NEUTRAL_FILL_FRAMES_F4[] PROGMEM = {0x08, 0x00, 0x1C, 0x00, 0x3E, 0x00, 0x3E, 0x00, 0x3F, 0x00, 0x1F, 0x00, 0x1F, 0x00, 0x1F, 0x00, 0x0F, 0x80, 0x0F, 0x80, 0x0F, 0x80, 0x0F, 0x80, 0x0F, 0xC0, 0x07, 0xC0, 0x07, 0xC0, 0x07, 0xC0, 0x03, 0xC0, 0x03, 0xE0, 0x03, 0xE0, 0x03, 0xE0, 0x03, 0xE0, 0x03, 0xE0};
const uint8_t TAIL_UP_NEUTRAL_FILL_FRAMES_F5[] PROGMEM = {0x04, 0x00, 0x0E, 0x00, 0x1F, 0x00, 0x1F, 0x00, 0x1F, 0x00, 0x1F, 0x00, 0x0F, 0x80, 0x0F, 0x80, 0x0F, 0x80, 0x0F, 0x80, 0x0F, 0xC0, 0x07, 0xC0, 0x07, 0xC0, 0x07, 0xC0, 0x07, 0xC0, 0x07, 0xC0, 0x03, 0xC0, 0x03, 0xE0, 0x03, 0xE0, 0x03, 0xE0, 0x03, 0xE0, 0x03, 0xE0};
const uint8_t TAIL_UP_NEUTRAL_FILL_FRAMES_F6[] PROGMEM = {0x02, 0x00, 0x07, 0x00, 0x0F, 0x80, 0x0F, 0x80, 0x0F, 0x80, 0x0F, 0x80, 0x0F, 0x80, 0x0F, 0x80, 0x0F, 0x80, 0x0F, 0x80, 0x0F, 0xC0, 0x07, 0xC0, 0x07, 0xC0, 0x07, 0xC0, 0x07, 0xC0, 0x07, 0xC0, 0x03, 0xC0, 0x03, 0xE0, 0x03, 0xE0, 0x03, 0xE0, 0x03, 0xE0, 0x03, 0xE0};
const uint8_t TAIL_UP_NEUTRAL_FILL_FRAMES_F7[] PROGMEM = {0x00, 0x80, 0x01, 0xC0, 0x03, 0xE0, 0x03, 0xE0, 0x03, 0xE0, 0x03, 0xE0, 0x03, 0xE0, 0x07, 0xC0, 0x07, 0xC0, 0x07, 0xC0, 0x07, 0xC0, 0x07, 0xC0, 0x07, 0xC0, 0x07, 0xC0, 0x07, 0xC0, 0x07, 0xE0, 0x03, 0xE0, 0x03, 0xE0, 0x03, 0xE0, 0x03, 0xE0, 0x03, 0xE0, 0x03, 0xE0};
const uint8_t TAIL_UP_NEUTRAL_FILL_FRAMES_F8[] PROGMEM = {0x00, 0x00, 0x00, 0xE0, 0x01, 0xF0, 0x01, 0xF0, 0x01, 0xF0, 0x01, 0xF0, 0x01, 0xF0, 0x03, 0xE0, 0x03, 0xE0, 0x03, 0xE0, 0x03, 0xE0, 0x03, 0xE0, 0x03, 0xE0, 0x03, 0xE0, 0x03, 0xE0, 0x03, 0xE0, 0x03, 0xE0, 0x03, 0xE0, 0x03, 0xE0, 0x03, 0xE0, 0x03, 0xE0, 0x03, 0xE0};
const uint8_t TAIL_UP_NEUTRAL_FILL_FRAMES_F9[] PROGMEM = {0x00, 0x00, 0x00, 0x38, 0x00, 0x7C, 0x00, 0xFC, 0x00, 0xF8, 0x01, 0xF8, 0x01, 0xF0, 0x01, 0xF0, 0x03, 0xF0, 0x03, 0xE0, 0x03, 0xE0, 0x03, 0xE0, 0x07, 0xC0, 0x07, 0xC0, 0x07, 0xC0, 0x07, 0xE0, 0x03, 0xE0, 0x03, 0xE0, 0x03, 0xE0, 0x03, 0xE0, 0x03, 0xE0, 0x03, 0xE0};
const uint8_t TAIL_UP_NEUTRAL_FILL_FRAMES_F10[] PROGMEM = {0x00, 0x00, 0x00, 0x38, 0x00, 0x7C, 0x00, 0x7C, 0x00, 0xF8, 0x00, 0xF8, 0x01, 0xF0, 0x01, 0xF0, 0x01, 0xF0, 0x03, 0xE0, 0x03, 0xE0, 0x03, 0xE0, 0x07, 0xC0, 0x07, 0xC0, 0x07, 0xC0, 0x07, 0xE0, 0x03, 0xE0, 0x03, 0xE0, 0x03, 0xE0, 0x03, 0xE0, 0x03, 0xE0, 0x03, 0xE0};
const uint8_t TAIL_UP_NEUTRAL_FILL_FRAMES_F11[] PROGMEM = {0x00, 0x00, 0x00, 0xE0, 0x01, 0xF0, 0x01, 0xF0, 0x01, 0xF0, 0x01, 0xF0, 0x03, 0xF0, 0x03, 0xE0, 0x03, 0xE0, 0x03, 0xE0, 0x07, 0xC0, 0x07, 0xC0, 0x07, 0xC0, 0x07, 0xC0, 0x07, 0xC0, 0x07, 0xE0, 0x03, 0xE0, 0x03, 0xE0, 0x03, 0xE0, 0x03, 0xE0, 0x03, 0xE0, 0x03, 0xE0};
const uint8_t TAIL_UP_NEUTRAL_FILL_FRAMES_F12[] PROGMEM = {0x00, 0x80, 0x01, 0xC0, 0x03, 0xE0, 0x03, 0xE0, 0x03, 0xE0, 0x03, 0xE0, 0x07, 0xE0, 0x07, 0xE0, 0x07, 0xC0, 0x07, 0xC0, 0x07, 0xC0, 0x07, 0xC0, 0x07, 0xC0, 0x07, 0xC0, 0x07, 0xC0, 0x03, 0xE0, 0x03, 0xE0, 0x03, 0xE0, 0x03, 0xE0, 0x03, 0xE0, 0x03, 0xE0, 0x03, 0xE0};
const uint8_t TAIL_UP_NEUTRAL_FILL_FRAMES_F13[] PROGMEM = {0x02, 0x00, 0x07, 0x00, 0x0F, 0x80, 0x0F, 0x80, 0x0F, 0x80, 0x0F, 0x80, 0x0F, 0x80, 0x0F, 0x80, 0x07, 0xC0, 0x07, 0xC0, 0x07, 0xC0, 0x07, 0xC0, 0x07, 0xC0, 0x07, 0xC0, 0x07, 0xC0, 0x03, 0xE0, 0x03, 0xE0, 0x03, 0xE0, 0x03, 0xE0, 0x03, 0xE0, 0x03, 0xE0, 0x03, 0xE0};
const uint8_t *const TAIL_UP_NEUTRAL_FILL_FRAMES[] PROGMEM = {TAIL_UP_NEUTRAL_FILL_FRAMES_F0, TAIL_UP_NEUTRAL_FILL_FRAMES_F1, TAIL_UP_NEUTRAL_FILL_FRAMES_F2, TAIL_UP_NEUTRAL_FILL_FRAMES_F3, TAIL_UP_NEUTRAL_FILL_FRAMES_F4, TAIL_UP_NEUTRAL_FILL_FRAMES_F5, TAIL_UP_NEUTRAL_FILL_FRAMES_F6, TAIL_UP_NEUTRAL_FILL_FRAMES_F7, TAIL_UP_NEUTRAL_FILL_FRAMES_F8, TAIL_UP_NEUTRAL_FILL_FRAMES_F9, TAIL_UP_NEUTRAL_FILL_FRAMES_F10, TAIL_UP_NEUTRAL_FILL_FRAMES_F11, TAIL_UP_NEUTRAL_FILL_FRAMES_F12, TAIL_UP_NEUTRAL_FILL_FRAMES_F13};
const uint8_t TAIL_UP_NEUTRAL_FILL_FRAMES_COUNT = 14;

// --- TAIL_UP_NEUTRAL2_FRAMES ---
const uint8_t TAIL_UP_NEUTRAL2_FRAMES_F0[] PROGMEM = {0x00, 0x00, 0x00, 0x00, 0x00, 0x00, 0x00, 0x00, 0x00, 0x00, 0x01, 0xC0, 0x00, 0x00, 0x0E, 0x20, 0x00, 0x01, 0xF0, 0x10, 0x00, 0x0E, 0x00, 0x20, 0x07, 0xF0, 0x00, 0xC0, 0x18, 0x00, 0x0F, 0x00, 0x20, 0x00, 0xF0, 0x00, 0x40, 0x1F, 0x00, 0x00, 0x81, 0xE0, 0x00, 0x00, 0x82, 0x00, 0x00, 0x00, 0x84, 0x00, 0x00, 0x00, 0x00, 0x00, 0x00, 0x00};
const uint8_t TAIL_UP_NEUTRAL2_FRAMES_F1[] PROGMEM = {0x00, 0x00, 0x00, 0x00, 0x00, 0x00, 0x01, 0xC0, 0x00, 0x00, 0x0E, 0x20, 0x00, 0x00, 0x70, 0x10, 0x00, 0x01, 0x80, 0x20, 0x00, 0x1E, 0x00, 0xC0, 0x07, 0xE0, 0x0F, 0x00, 0x18, 0x00, 0x30, 0x00, 0x20, 0x00, 0xC0, 0x00, 0x40, 0x1F, 0x00, 0x00, 0x81, 0xE0, 0x00, 0x00, 0x82, 0x00, 0x00, 0x00, 0x84, 0x00, 0x00, 0x00, 0x00, 0x00, 0x00, 0x00};
const uint8_t TAIL_UP_NEUTRAL2_FRAMES_F2[] PROGMEM = {0x00, 0x00, 0x01, 0xC0, 0x00, 0x00, 0x06, 0x20, 0x00, 0x00, 0x18, 0x20, 0x00, 0x00, 0x60, 0x20, 0x00, 0x01, 0x80, 0xC0, 0x00, 0x1E, 0x03, 0x00, 0x07, 0xE0, 0x0C, 0x00, 0x18, 0x00, 0x30, 0x00, 0x20, 0x00, 0xC0, 0x00, 0x40, 0x1F, 0x00, 0x00, 0x81, 0xE0, 0x00, 0x00, 0x82, 0x00, 0x00, 0x00, 0x84, 0x00, 0x00, 0x00, 0x00, 0x00, 0x00, 0x00};
const uint8_t TAIL_UP_NEUTRAL2_FRAMES_F3[] PROGMEM = {0x00, 0x00, 0x00, 0x00, 0x00, 0x00, 0x01, 0xC0, 0x00, 0x00, 0x0E, 0x20, 0x00, 0x00, 0x70, 0x20, 0x00, 0x01, 0x80, 0x20, 0x00, 0x1E, 0x00, 0xC0, 0x07, 0xE0, 0x0F, 0x00, 0x18, 0x00, 0x30, 0x00, 0x20, 0x00, 0xC0, 0x00, 0x40, 0x1F, 0x00, 0x00, 0x81, 0xE0, 0x00, 0x00, 0x82, 0x00, 0x00, 0x00, 0x84, 0x00, 0x00, 0x00, 0x00, 0x00, 0x00, 0x00};
const uint8_t TAIL_UP_NEUTRAL2_FRAMES_F4[] PROGMEM = {0x00, 0x00, 0x00, 0x00, 0x00, 0x00, 0x00, 0x00, 0x00, 0x00, 0x01, 0xC0, 0x00, 0x00, 0x0E, 0x20, 0x00, 0x01, 0xF0, 0x10, 0x00, 0x0E, 0x00, 0x20, 0x07, 0xF0, 0x00, 0xC0, 0x18, 0x00, 0x0F, 0x00, 0x20, 0x00, 0xF0, 0x00, 0x40, 0x1F, 0x00, 0x00, 0x81, 0xE0, 0x00, 0x00, 0x82, 0x00, 0x00, 0x00, 0x84, 0x00, 0x00, 0x00, 0x00, 0x00, 0x00, 0x00};
const uint8_t TAIL_UP_NEUTRAL2_FRAMES_F5[] PROGMEM = {0x00, 0x00, 0x00, 0x00, 0x00, 0x00, 0x00, 0x00, 0x00, 0x00, 0x00, 0x00, 0x00, 0x00, 0x03, 0xC0, 0x00, 0x00, 0x7C, 0x20, 0x00, 0x0F, 0x80, 0x10, 0x07, 0xF0, 0x00, 0x20, 0x18, 0x00, 0x03, 0xC0, 0x20, 0x00, 0x3C, 0x00, 0x40, 0x1F, 0xC0, 0x00, 0x81, 0xE0, 0x00, 0x00, 0x82, 0x00, 0x00, 0x00, 0x84, 0x00, 0x00, 0x00, 0x00, 0x00, 0x00, 0x00};
const uint8_t TAIL_UP_NEUTRAL2_FRAMES_F6[] PROGMEM = {0x00, 0x00, 0x00, 0x00, 0x00, 0x00, 0x00, 0x00, 0x00, 0x00, 0x00, 0x00, 0x00, 0x00, 0x00, 0x00, 0x00, 0x00, 0x7F, 0xC0, 0x00, 0x0F, 0x80, 0x20, 0x07, 0xF0, 0x00, 0x10, 0x18, 0x00, 0x00, 0x20, 0x20, 0x00, 0x3F, 0xC0, 0x40, 0x1F, 0xC0, 0x00, 0x81, 0xE0, 0x00, 0x00, 0x82, 0x00, 0x00, 0x00, 0x84, 0x00, 0x00, 0x00, 0x00, 0x00, 0x00, 0x00};
const uint8_t TAIL_UP_NEUTRAL2_FRAMES_F7[] PROGMEM = {0x00, 0x00, 0x00, 0x00, 0x00, 0x00, 0x00, 0x00, 0x00, 0x00, 0x00, 0x00, 0x00, 0x00, 0x00, 0x00, 0x00, 0x00, 0x00, 0x00, 0x00, 0x0F, 0xF8, 0x00, 0x07, 0xF0, 0x07, 0xC0, 0x18, 0x00, 0x00, 0x20, 0x20, 0x00, 0x00, 0x10, 0x40, 0x07, 0xF8, 0x20, 0x81, 0xF8, 0x07, 0xC0, 0x82, 0x00, 0x00, 0x00, 0x84, 0x00, 0x00, 0x00, 0x00, 0x00, 0x00, 0x00};
const uint8_t TAIL_UP_NEUTRAL2_FRAMES_F8[] PROGMEM = {0x00, 0x00, 0x00, 0x00, 0x00, 0x00, 0x00, 0x00, 0x00, 0x00, 0x00, 0x00, 0x00, 0x00, 0x00, 0x00, 0x00, 0x00, 0x00, 0x00, 0x00, 0x00, 0x00, 0x00, 0x07, 0xFF, 0xF8, 0x00, 0x18, 0x00, 0x07, 0xC0, 0x20, 0x00, 0x00, 0x20, 0x40, 0x00, 0x00, 0x20, 0x81, 0xFF, 0xF8, 0x20, 0x82, 0x00, 0x07, 0xC0, 0x84, 0x00, 0x00, 0x00, 0x00, 0x00, 0x00, 0x00};
const uint8_t TAIL_UP_NEUTRAL2_FRAMES_F9[] PROGMEM = {0x00, 0x00, 0x00, 0x00, 0x00, 0x00, 0x00, 0x00, 0x00, 0x00, 0x00, 0x00, 0x00, 0x00, 0x00, 0x00, 0x00, 0x00, 0x00, 0x00, 0x00, 0x0F, 0x00, 0x00, 0x07, 0xF0, 0xF0, 0x00, 0x18, 0x00, 0x0E, 0x00, 0x20, 0x00, 0x01, 0x80, 0x40, 0x07, 0x00, 0x40, 0x81, 0xF8, 0xE0, 0x20, 0x82, 0x00, 0x1C, 0x20, 0x84, 0x00, 0x03, 0x20, 0x00, 0x00, 0x00, 0xC0};
const uint8_t TAIL_UP_NEUTRAL2_FRAMES_F10[] PROGMEM = {0x00, 0x00, 0x00, 0x00, 0x00, 0x00, 0x00, 0x00, 0x00, 0x00, 0x00, 0x00, 0x00, 0x00, 0x00, 0x00, 0x00, 0x00, 0x00, 0x00, 0x00, 0x0F, 0x00, 0x00, 0x07, 0xF0, 0xE0, 0x00, 0x18, 0x00, 0x1C, 0x00, 0x20, 0x00, 0x03, 0x00, 0x40, 0x07, 0x00, 0xC0, 0x81, 0xF8, 0xE0, 0x20, 0x82, 0x00, 0x1C, 0x20, 0x84, 0x00, 0x03, 0x20, 0x00, 0x00, 0x00, 0xC0};
const uint8_t TAIL_UP_NEUTRAL2_FRAMES_F11[] PROGMEM = {0x00, 0x00, 0x00, 0x00, 0x00, 0x00, 0x00, 0x00, 0x00, 0x00, 0x00, 0x00, 0x00, 0x00, 0x00, 0x00, 0x00, 0x00, 0x00, 0x00, 0x00, 0x0F, 0xC0, 0x00, 0x07, 0xF0, 0x3C, 0x00, 0x18, 0x00, 0x03, 0xC0, 0x20, 0x00, 0x00, 0x20, 0x40, 0x07, 0xC0, 0x20, 0x81, 0xF8, 0x38, 0x20, 0x82, 0x00, 0x07, 0xC0, 0x84, 0x00, 0x00, 0x00, 0x00, 0x00, 0x00, 0x00};
const uint8_t TAIL_UP_NEUTRAL2_FRAMES_F12[] PROGMEM = {0x00, 0x00, 0x00, 0x00, 0x00, 0x00, 0x00, 0x00, 0x00, 0x00, 0x00, 0x00, 0x00, 0x00, 0x00, 0x00, 0x00, 0x00, 0x00, 0x00, 0x00, 0x07, 0xFC, 0x00, 0x07, 0xF8, 0x03, 0xC0, 0x18, 0x00, 0x00, 0x20, 0x20, 0x00, 0x00, 0x10, 0x40, 0x07, 0xF0, 0x20, 0x81, 0xF8, 0x0F, 0xC0, 0x82, 0x00, 0x00, 0x00, 0x84, 0x00, 0x00, 0x00, 0x00, 0x00, 0x00, 0x00};
const uint8_t TAIL_UP_NEUTRAL2_FRAMES_F13[] PROGMEM = {0x00, 0x00, 0x00, 0x00, 0x00, 0x00, 0x00, 0x00, 0x00, 0x00, 0x00, 0x00, 0x00, 0x00, 0x00, 0x00, 0x00, 0x00, 0x0F, 0xC0, 0x00, 0x07, 0xF0, 0x20, 0x07, 0xF8, 0x00, 0x10, 0x18, 0x00, 0x00, 0x20, 0x20, 0x00, 0x0F, 0xC0, 0x40, 0x07, 0xF0, 0x00, 0x81, 0xF8, 0x00, 0x00, 0x82, 0x00, 0x00, 0x00, 0x84, 0x00, 0x00, 0x00, 0x00, 0x00, 0x00, 0x00};
const uint8_t *const TAIL_UP_NEUTRAL2_FRAMES[] PROGMEM = {TAIL_UP_NEUTRAL2_FRAMES_F0, TAIL_UP_NEUTRAL2_FRAMES_F1, TAIL_UP_NEUTRAL2_FRAMES_F2, TAIL_UP_NEUTRAL2_FRAMES_F3, TAIL_UP_NEUTRAL2_FRAMES_F4, TAIL_UP_NEUTRAL2_FRAMES_F5, TAIL_UP_NEUTRAL2_FRAMES_F6, TAIL_UP_NEUTRAL2_FRAMES_F7, TAIL_UP_NEUTRAL2_FRAMES_F8, TAIL_UP_NEUTRAL2_FRAMES_F9, TAIL_UP_NEUTRAL2_FRAMES_F10, TAIL_UP_NEUTRAL2_FRAMES_F11, TAIL_UP_NEUTRAL2_FRAMES_F12, TAIL_UP_NEUTRAL2_FRAMES_F13};
const uint8_t TAIL_UP_NEUTRAL2_FRAMES_COUNT = 14;

// --- TAIL_UP_NEUTRAL2_FILL_FRAMES ---
const uint8_t TAIL_UP_NEUTRAL2_FILL_FRAMES_F0[] PROGMEM = {0x00, 0x00, 0x00, 0x00, 0x00, 0x00, 0x00, 0x00, 0x00, 0x00, 0x01, 0xC0, 0x00, 0x00, 0x0F, 0xE0, 0x00, 0x01, 0xFF, 0xF0, 0x00, 0x0F, 0xFF, 0xE0, 0x07, 0xFF, 0xFF, 0xC0, 0x1F, 0xFF, 0xFF, 0x00, 0x3F, 0xFF, 0xF0, 0x00, 0x7F, 0xFF, 0x00, 0x00, 0xFF, 0xE0, 0x00, 0x00, 0xFE, 0x00, 0x00, 0x00, 0xFC, 0x00, 0x00, 0x00, 0x00, 0x00, 0x00, 0x00};
const uint8_t TAIL_UP_NEUTRAL2_FILL_FRAMES_F1[] PROGMEM = {0x00, 0x00, 0x00, 0x00, 0x00, 0x00, 0x01, 0xC0, 0x00, 0x00, 0x0F, 0xE0, 0x00, 0x00, 0x7F, 0xF0, 0x00, 0x01, 0xFF, 0xE0, 0x00, 0x1F, 0xFF, 0xC0, 0x07, 0xFF, 0xFF, 0x00, 0x1F, 0xFF, 0xF0, 0x00, 0x3F, 0xFF, 0xC0, 0x00, 0x7F, 0xFF, 0x00, 0x00, 0xFF, 0xE0, 0x00, 0x00, 0xFE, 0x00, 0x00, 0x00, 0xFC, 0x00, 0x00, 0x00, 0x00, 0x00, 0x00, 0x00};
const uint8_t TAIL_UP_NEUTRAL2_FILL_FRAMES_F2[] PROGMEM = {0x00, 0x00, 0x01, 0xC0, 0x00, 0x00, 0x07, 0xE0, 0x00, 0x00, 0x1F, 0xE0, 0x00, 0x00, 0x7F, 0xE0, 0x00, 0x01, 0xFF, 0xC0, 0x00, 0x1F, 0xFF, 0x00, 0x07, 0xFF, 0xFC, 0x00, 0x1F, 0xFF, 0xF0, 0x00, 0x3F, 0xFF, 0xC0, 0x00, 0x7F, 0xFF, 0x00, 0x00, 0xFF, 0xE0, 0x00, 0x00, 0xFE, 0x00, 0x00, 0x00, 0xFC, 0x00, 0x00, 0x00, 0x00, 0x00, 0x00, 0x00};
const uint8_t TAIL_UP_NEUTRAL2_FILL_FRAMES_F3[] PROGMEM = {0x00, 0x00, 0x00, 0x00, 0x00, 0x00, 0x01, 0xC0, 0x00, 0x00, 0x0F, 0xE0, 0x00, 0x00, 0x7F, 0xE0, 0x00, 0x01, 0xFF, 0xE0, 0x00, 0x1F, 0xFF, 0xC0, 0x07, 0xFF, 0xFF, 0x00, 0x1F, 0xFF, 0xF0, 0x00, 0x3F, 0xFF, 0xC0, 0x00, 0x7F, 0xFF, 0x00, 0x00, 0xFF, 0xE0, 0x00, 0x00, 0xFE, 0x00, 0x00, 0x00, 0xFC, 0x00, 0x00, 0x00, 0x00, 0x00, 0x00, 0x00};
const uint8_t TAIL_UP_NEUTRAL2_FILL_FRAMES_F4[] PROGMEM = {0x00, 0x00, 0x00, 0x00, 0x00, 0x00, 0x00, 0x00, 0x00, 0x00, 0x01, 0xC0, 0x00, 0x00, 0x0F, 0xE0, 0x00, 0x01, 0xFF, 0xF0, 0x00, 0x0F, 0xFF, 0xE0, 0x07, 0xFF, 0xFF, 0xC0, 0x1F, 0xFF, 0xFF, 0x00, 0x3F, 0xFF, 0xF0, 0x00, 0x7F, 0xFF, 0x00, 0x00, 0xFF, 0xE0, 0x00, 0x00, 0xFE, 0x00, 0x00, 0x00, 0xFC, 0x00, 0x00, 0x00, 0x00, 0x00, 0x00, 0x00};
const uint8_t TAIL_UP_NEUTRAL2_FILL_FRAMES_F5[] PROGMEM = {0x00, 0x00, 0x00, 0x00, 0x00, 0x00, 0x00, 0x00, 0x00, 0x00, 0x00, 0x00, 0x00, 0x00, 0x03, 0xC0, 0x00, 0x00, 0x7F, 0xE0, 0x00, 0x0F, 0xFF, 0xF0, 0x07, 0xFF, 0xFF, 0xE0, 0x1F, 0xFF, 0xFF, 0xC0, 0x3F, 0xFF, 0xFC, 0x00, 0x7F, 0xFF, 0xC0, 0x00, 0xFF, 0xE0, 0x00, 0x00, 0xFE, 0x00, 0x00, 0x00, 0xFC, 0x00, 0x00, 0x00, 0x00, 0x00, 0x00, 0x00};
const uint8_t TAIL_UP_NEUTRAL2_FILL_FRAMES_F6[] PROGMEM = {0x00, 0x00, 0x00, 0x00, 0x00, 0x00, 0x00, 0x00, 0x00, 0x00, 0x00, 0x00, 0x00, 0x00, 0x00, 0x00, 0x00, 0x00, 0x7F, 0xC0, 0x00, 0x0F, 0xFF, 0xE0, 0x07, 0xFF, 0xFF, 0xF0, 0x1F, 0xFF, 0xFF, 0xE0, 0x3F, 0xFF, 0xFF, 0xC0, 0x7F, 0xFF, 0xC0, 0x00, 0xFF, 0xE0, 0x00, 0x00, 0xFE, 0x00, 0x00, 0x00, 0xFC, 0x00, 0x00, 0x00, 0x00, 0x00, 0x00, 0x00};
const uint8_t TAIL_UP_NEUTRAL2_FILL_FRAMES_F7[] PROGMEM = {0x00, 0x00, 0x00, 0x00, 0x00, 0x00, 0x00, 0x00, 0x00, 0x00, 0x00, 0x00, 0x00, 0x00, 0x00, 0x00, 0x00, 0x00, 0x00, 0x00, 0x00, 0x0F, 0xF8, 0x00, 0x07, 0xFF, 0xFF, 0xC0, 0x1F, 0xFF, 0xFF, 0xE0, 0x3F, 0xFF, 0xFF, 0xF0, 0x7F, 0xFF, 0xFF, 0xE0, 0xFF, 0xF8, 0x07, 0xC0, 0xFE, 0x00, 0x00, 0x00, 0xFC, 0x00, 0x00, 0x00, 0x00, 0x00, 0x00, 0x00};
const uint8_t TAIL_UP_NEUTRAL2_FILL_FRAMES_F8[] PROGMEM = {0x00, 0x00, 0x00, 0x00, 0x00, 0x00, 0x00, 0x00, 0x00, 0x00, 0x00, 0x00, 0x00, 0x00, 0x00, 0x00, 0x00, 0x00, 0x00, 0x00, 0x00, 0x00, 0x00, 0x00, 0x07, 0xFF, 0xF8, 0x00, 0x1F, 0xFF, 0xFF, 0xC0, 0x3F, 0xFF, 0xFF, 0xE0, 0x7F, 0xFF, 0xFF, 0xE0, 0xFF, 0xFF, 0xFF, 0xE0, 0xFE, 0x00, 0x07, 0xC0, 0xFC, 0x00, 0x00, 0x00, 0x00, 0x00, 0x00, 0x00};
const uint8_t TAIL_UP_NEUTRAL2_FILL_FRAMES_F9[] PROGMEM = {0x00, 0x00, 0x00, 0x00, 0x00, 0x00, 0x00, 0x00, 0x00, 0x00, 0x00, 0x00, 0x00, 0x00, 0x00, 0x00, 0x00, 0x00, 0x00, 0x00, 0x00, 0x0F, 0x00, 0x00, 0x07, 0xFF, 0xF0, 0x00, 0x1F, 0xFF, 0xFE, 0x00, 0x3F, 0xFF, 0xFF, 0x80, 0x7F, 0xFF, 0xFF, 0xC0, 0xFF, 0xF8, 0xFF, 0xE0, 0xFE, 0x00, 0x1F, 0xE0, 0xFC, 0x00, 0x03, 0xE0, 0x00, 0x00, 0x00, 0xC0};
const uint8_t TAIL_UP_NEUTRAL2_FILL_FRAMES_F10[] PROGMEM = {0x00, 0x00, 0x00, 0x00, 0x00, 0x00, 0x00, 0x00, 0x00, 0x00, 0x00, 0x00, 0x00, 0x00, 0x00, 0x00, 0x00, 0x00, 0x00, 0x00, 0x00, 0x0F, 0x00, 0x00, 0x07, 0xFF, 0xE0, 0x00, 0x1F, 0xFF, 0xFC, 0x00, 0x3F, 0xFF, 0xFF, 0x00, 0x7F, 0xFF, 0xFF, 0xC0, 0xFF, 0xF8, 0xFF, 0xE0, 0xFE, 0x00, 0x1F, 0xE0, 0xFC, 0x00, 0x03, 0xE0, 0x00, 0x00, 0x00, 0xC0};
const uint8_t TAIL_UP_NEUTRAL2_FILL_FRAMES_F11[] PROGMEM = {0x00, 0x00, 0x00, 0x00, 0x00, 0x00, 0x00, 0x00, 0x00, 0x00, 0x00, 0x00, 0x00, 0x00, 0x00, 0x00, 0x00, 0x00, 0x00, 0x00, 0x00, 0x0F, 0xC0, 0x00, 0x07, 0xFF, 0xFC, 0x00, 0x1F, 0xFF, 0xFF, 0xC0, 0x3F, 0xFF, 0xFF, 0xE0, 0x7F, 0xFF, 0xFF, 0xE0, 0xFF, 0xF8, 0x3F, 0xE0, 0xFE, 0x00, 0x07, 0xC0, 0xFC, 0x00, 0x00, 0x00, 0x00, 0x00, 0x00, 0x00};
const uint8_t TAIL_UP_NEUTRAL2_FILL_FRAMES_F12[] PROGMEM = {0x00, 0x00, 0x00, 0x00, 0x00, 0x00, 0x00, 0x00, 0x00, 0x00, 0x00, 0x00, 0x00, 0x00, 0x00, 0x00, 0x00, 0x00, 0x00, 0x00, 0x00, 0x07, 0xFC, 0x00, 0x07, 0xFF, 0xFF, 0xC0, 0x1F, 0xFF, 0xFF, 0xE0, 0x3F, 0xFF, 0xFF, 0xF0, 0x7F, 0xFF, 0xFF, 0xE0, 0xFF, 0xF8, 0x0F, 0xC0, 0xFE, 0x00, 0x00, 0x00, 0xFC, 0x00, 0x00, 0x00, 0x00, 0x00, 0x00, 0x00};
const uint8_t TAIL_UP_NEUTRAL2_FILL_FRAMES_F13[] PROGMEM = {0x00, 0x00, 0x00, 0x00, 0x00, 0x00, 0x00, 0x00, 0x00, 0x00, 0x00, 0x00, 0x00, 0x00, 0x00, 0x00, 0x00, 0x00, 0x0F, 0xC0, 0x00, 0x07, 0xFF, 0xE0, 0x07, 0xFF, 0xFF, 0xF0, 0x1F, 0xFF, 0xFF, 0xE0, 0x3F, 0xFF, 0xFF, 0xC0, 0x7F, 0xFF, 0xF0, 0x00, 0xFF, 0xF8, 0x00, 0x00, 0xFE, 0x00, 0x00, 0x00, 0xFC, 0x00, 0x00, 0x00, 0x00, 0x00, 0x00, 0x00};
const uint8_t *const TAIL_UP_NEUTRAL2_FILL_FRAMES[] PROGMEM = {TAIL_UP_NEUTRAL2_FILL_FRAMES_F0, TAIL_UP_NEUTRAL2_FILL_FRAMES_F1, TAIL_UP_NEUTRAL2_FILL_FRAMES_F2, TAIL_UP_NEUTRAL2_FILL_FRAMES_F3, TAIL_UP_NEUTRAL2_FILL_FRAMES_F4, TAIL_UP_NEUTRAL2_FILL_FRAMES_F5, TAIL_UP_NEUTRAL2_FILL_FRAMES_F6, TAIL_UP_NEUTRAL2_FILL_FRAMES_F7, TAIL_UP_NEUTRAL2_FILL_FRAMES_F8, TAIL_UP_NEUTRAL2_FILL_FRAMES_F9, TAIL_UP_NEUTRAL2_FILL_FRAMES_F10, TAIL_UP_NEUTRAL2_FILL_FRAMES_F11, TAIL_UP_NEUTRAL2_FILL_FRAMES_F12, TAIL_UP_NEUTRAL2_FILL_FRAMES_F13};
const uint8_t TAIL_UP_NEUTRAL2_FILL_FRAMES_COUNT = 14;

#endif
